True,500,108.3mb,63270,prefeitura,190,266,,,,,,,
True,500,108.3mb,63270,prefeitura,16,266,,,,,,,
True,500,108.3mb,63270,prefeitura,10,266,,,,,,,
True,500,108.3mb,63270,prefeitura,5,266,,,,,,,
True,500,108.3mb,63270,prefeitura,4,266,,,,,,,
True,500,108.3mb,63270,prefeitura,6,266,,,,,,,
True,500,108.3mb,63270,prefeitura,9,266,,,,,,,
True,500,108.3mb,63270,prefeitura,4,266,,,,,,,
True,500,108.3mb,63270,prefeitura,4,266,,,,,,,
True,500,108.3mb,63270,prefeitura,3,266,,,,,,,
True,500,108.3mb,63270,prefeitura,6,266,,,,,,,
True,500,108.3mb,63270,prefeitura,5,266,,,,,,,
True,500,108.3mb,63270,prefeitura,7,266,,,,,,,
True,500,108.3mb,63270,prefeitura,5,266,,,,,,,
True,500,108.3mb,63270,prefeitura,2,266,,,,,,,
True,500,108.3mb,63270,prefeitura,3,266,,,,,,,
True,500,108.3mb,63270,prefeitura,5,266,,,,,,,
True,500,108.3mb,63270,prefeitura,3,266,,,,,,,
True,500,108.3mb,63270,prefeitura,4,266,,,,,,,
True,500,108.3mb,63270,prefeitura,4,266,,,,,,,
True,500,108.3mb,63270,prefeitura,3,266,,,,,,,
True,500,108.3mb,63270,prefeitura,2,266,,,,,,,
True,500,108.3mb,63270,prefeitura,3,266,,,,,,,
True,500,108.3mb,63270,prefeitura,4,266,,,,,,,
True,500,108.3mb,63270,prefeitura,3,266,,,,,,,
True,500,108.3mb,63270,prefeitura,4,266,,,,,,,
True,500,108.3mb,63270,prefeitura,3,266,,,,,,,
True,500,108.3mb,63270,prefeitura,4,266,,,,,,,
True,500,108.3mb,63270,prefeitura,3,266,,,,,,,
True,500,108.3mb,63270,prefeitura,4,266,,,,,,,
True,500,108.3mb,63270,prefeitura,6,266,,,,,,,
True,500,108.3mb,63270,prefeitura,4,266,,,,,,,
True,500,108.3mb,63270,prefeitura,3,266,,,,,,,
True,500,108.3mb,63270,prefeitura,2,266,,,,,,,
True,500,108.3mb,63270,prefeitura,3,266,,,,,,,
True,500,108.3mb,63270,prefeitura,14,266,,,,,,,
True,500,108.3mb,63270,prefeitura,3,266,,,,,,,
True,500,108.3mb,63270,prefeitura,2,266,,,,,,,
True,500,108.3mb,63270,prefeitura,3,266,,,,,,,
True,500,108.3mb,63270,prefeitura,3,266,,,,,,,
True,500,108.3mb,63270,prefeitura,2,266,,,,,,,
True,500,108.3mb,63270,prefeitura,4,266,,,,,,,
True,500,108.3mb,63270,prefeitura,3,266,,,,,,,
True,500,108.3mb,63270,prefeitura,2,266,,,,,,,
True,500,108.3mb,63270,prefeitura,4,266,,,,,,,
True,500,108.3mb,63270,prefeitura,3,266,,,,,,,
True,500,108.3mb,63270,prefeitura,3,266,,,,,,,
True,500,108.3mb,63270,prefeitura,3,266,,,,,,,
True,500,108.3mb,63270,prefeitura,2,266,,,,,,,
True,500,108.3mb,63270,prefeitura,5,266,,,,,,,
True,500,108.3mb,63270,prefeitura,2,266,,,,,,,
True,500,108.3mb,63270,prefeitura,2,266,,,,,,,
True,500,108.3mb,63270,prefeitura,3,266,,,,,,,
True,500,108.3mb,63270,prefeitura,3,266,,,,,,,
True,500,108.3mb,63270,prefeitura,3,266,,,,,,,
True,500,108.3mb,63270,prefeitura,2,266,,,,,,,
True,500,108.3mb,63270,prefeitura,3,266,,,,,,,
True,500,108.3mb,63270,prefeitura,5,266,,,,,,,
True,500,108.3mb,63270,prefeitura,3,266,,,,,,,
True,500,108.3mb,63270,prefeitura,3,266,,,,,,,
True,500,108.3mb,63270,prefeitura,2,266,,,,,,,
True,500,108.3mb,63270,prefeitura,2,266,,,,,,,
True,500,108.3mb,63270,prefeitura,3,266,,,,,,,
True,500,108.3mb,63270,prefeitura,2,266,,,,,,,
True,500,108.3mb,63270,prefeitura,2,266,,,,,,,
True,500,108.3mb,63270,prefeitura,4,266,,,,,,,
True,500,108.3mb,63270,prefeitura,5,266,,,,,,,
True,500,108.3mb,63270,prefeitura,2,266,,,,,,,
True,500,108.3mb,63270,prefeitura,2,266,,,,,,,
True,500,108.3mb,63270,prefeitura,3,266,,,,,,,
True,500,108.3mb,63270,prefeitura,2,266,,,,,,,
True,500,108.3mb,63270,prefeitura,2,266,,,,,,,
True,500,108.3mb,63270,prefeitura,3,266,,,,,,,
True,500,108.3mb,63270,prefeitura,3,266,,,,,,,
True,500,108.3mb,63270,prefeitura,2,266,,,,,,,
True,500,108.3mb,63270,prefeitura,2,266,,,,,,,
True,500,108.3mb,63270,prefeitura,3,266,,,,,,,
True,500,108.3mb,63270,prefeitura,2,266,,,,,,,
True,500,108.3mb,63270,prefeitura,3,266,,,,,,,
True,500,108.3mb,63270,prefeitura,2,266,,,,,,,
True,500,108.3mb,63270,prefeitura,2,266,,,,,,,
True,500,108.3mb,63270,prefeitura,2,266,,,,,,,
True,500,108.3mb,63270,prefeitura,2,266,,,,,,,
True,500,108.3mb,63270,prefeitura,2,266,,,,,,,
True,500,108.3mb,63270,prefeitura,2,266,,,,,,,
True,500,108.3mb,63270,prefeitura,2,266,,,,,,,
True,500,108.3mb,63270,prefeitura,2,266,,,,,,,
True,500,108.3mb,63270,prefeitura,4,266,,,,,,,
True,500,108.3mb,63270,prefeitura,2,266,,,,,,,
True,500,108.3mb,63270,prefeitura,2,266,,,,,,,
True,500,108.3mb,63270,prefeitura,4,266,,,,,,,
True,500,108.3mb,63270,prefeitura,4,266,,,,,,,
True,500,108.3mb,63270,prefeitura,2,266,,,,,,,
True,500,108.3mb,63270,prefeitura,3,266,,,,,,,
True,500,108.3mb,63270,prefeitura,2,266,,,,,,,
True,500,108.3mb,63270,prefeitura,2,266,,,,,,,
True,500,108.3mb,63270,prefeitura,2,266,,,,,,,
True,500,108.3mb,63270,prefeitura,2,266,,,,,,,
True,500,108.3mb,63270,prefeitura,3,266,,,,,,,
True,500,108.3mb,63270,prefeitura,4,266,,,,,,,
True,500,108.3mb,63270,diário,50,4356,,,,,,,
True,500,108.3mb,63270,diário,4,4356,,,,,,,
True,500,108.3mb,63270,diário,4,4356,,,,,,,
True,500,108.3mb,63270,diário,4,4356,,,,,,,
True,500,108.3mb,63270,diário,3,4356,,,,,,,
True,500,108.3mb,63270,diário,2,4356,,,,,,,
True,500,108.3mb,63270,diário,3,4356,,,,,,,
True,500,108.3mb,63270,diário,4,4356,,,,,,,
True,500,108.3mb,63270,diário,5,4356,,,,,,,
True,500,108.3mb,63270,diário,3,4356,,,,,,,
True,500,108.3mb,63270,diário,3,4356,,,,,,,
True,500,108.3mb,63270,diário,4,4356,,,,,,,
True,500,108.3mb,63270,diário,5,4356,,,,,,,
True,500,108.3mb,63270,diário,4,4356,,,,,,,
True,500,108.3mb,63270,diário,5,4356,,,,,,,
True,500,108.3mb,63270,diário,3,4356,,,,,,,
True,500,108.3mb,63270,diário,3,4356,,,,,,,
True,500,108.3mb,63270,diário,2,4356,,,,,,,
True,500,108.3mb,63270,diário,3,4356,,,,,,,
True,500,108.3mb,63270,diário,3,4356,,,,,,,
True,500,108.3mb,63270,diário,2,4356,,,,,,,
True,500,108.3mb,63270,diário,5,4356,,,,,,,
True,500,108.3mb,63270,diário,3,4356,,,,,,,
True,500,108.3mb,63270,diário,2,4356,,,,,,,
True,500,108.3mb,63270,diário,3,4356,,,,,,,
True,500,108.3mb,63270,diário,2,4356,,,,,,,
True,500,108.3mb,63270,diário,2,4356,,,,,,,
True,500,108.3mb,63270,diário,2,4356,,,,,,,
True,500,108.3mb,63270,diário,2,4356,,,,,,,
True,500,108.3mb,63270,diário,2,4356,,,,,,,
True,500,108.3mb,63270,diário,4,4356,,,,,,,
True,500,108.3mb,63270,diário,2,4356,,,,,,,
True,500,108.3mb,63270,diário,2,4356,,,,,,,
True,500,108.3mb,63270,diário,2,4356,,,,,,,
True,500,108.3mb,63270,diário,2,4356,,,,,,,
True,500,108.3mb,63270,diário,2,4356,,,,,,,
True,500,108.3mb,63270,diário,2,4356,,,,,,,
True,500,108.3mb,63270,diário,2,4356,,,,,,,
True,500,108.3mb,63270,diário,2,4356,,,,,,,
True,500,108.3mb,63270,diário,2,4356,,,,,,,
True,500,108.3mb,63270,diário,4,4356,,,,,,,
True,500,108.3mb,63270,diário,3,4356,,,,,,,
True,500,108.3mb,63270,diário,2,4356,,,,,,,
True,500,108.3mb,63270,diário,3,4356,,,,,,,
True,500,108.3mb,63270,diário,3,4356,,,,,,,
True,500,108.3mb,63270,diário,2,4356,,,,,,,
True,500,108.3mb,63270,diário,3,4356,,,,,,,
True,500,108.3mb,63270,diário,4,4356,,,,,,,
True,500,108.3mb,63270,diário,2,4356,,,,,,,
True,500,108.3mb,63270,diário,2,4356,,,,,,,
True,500,108.3mb,63270,diário,2,4356,,,,,,,
True,500,108.3mb,63270,diário,4,4356,,,,,,,
True,500,108.3mb,63270,diário,4,4356,,,,,,,
True,500,108.3mb,63270,diário,5,4356,,,,,,,
True,500,108.3mb,63270,diário,3,4356,,,,,,,
True,500,108.3mb,63270,diário,2,4356,,,,,,,
True,500,108.3mb,63270,diário,2,4356,,,,,,,
True,500,108.3mb,63270,diário,2,4356,,,,,,,
True,500,108.3mb,63270,diário,2,4356,,,,,,,
True,500,108.3mb,63270,diário,2,4356,,,,,,,
True,500,108.3mb,63270,diário,3,4356,,,,,,,
True,500,108.3mb,63270,diário,2,4356,,,,,,,
True,500,108.3mb,63270,diário,3,4356,,,,,,,
True,500,108.3mb,63270,diário,2,4356,,,,,,,
True,500,108.3mb,63270,diário,3,4356,,,,,,,
True,500,108.3mb,63270,diário,3,4356,,,,,,,
True,500,108.3mb,63270,diário,4,4356,,,,,,,
True,500,108.3mb,63270,diário,4,4356,,,,,,,
True,500,108.3mb,63270,diário,3,4356,,,,,,,
True,500,108.3mb,63270,diário,3,4356,,,,,,,
True,500,108.3mb,63270,diário,4,4356,,,,,,,
True,500,108.3mb,63270,diário,3,4356,,,,,,,
True,500,108.3mb,63270,diário,2,4356,,,,,,,
True,500,108.3mb,63270,diário,2,4356,,,,,,,
True,500,108.3mb,63270,diário,4,4356,,,,,,,
True,500,108.3mb,63270,diário,2,4356,,,,,,,
True,500,108.3mb,63270,diário,2,4356,,,,,,,
True,500,108.3mb,63270,diário,2,4356,,,,,,,
True,500,108.3mb,63270,diário,3,4356,,,,,,,
True,500,108.3mb,63270,diário,2,4356,,,,,,,
True,500,108.3mb,63270,diário,2,4356,,,,,,,
True,500,108.3mb,63270,diário,2,4356,,,,,,,
True,500,108.3mb,63270,diário,4,4356,,,,,,,
True,500,108.3mb,63270,diário,2,4356,,,,,,,
True,500,108.3mb,63270,diário,3,4356,,,,,,,
True,500,108.3mb,63270,diário,4,4356,,,,,,,
True,500,108.3mb,63270,diário,2,4356,,,,,,,
True,500,108.3mb,63270,diário,2,4356,,,,,,,
True,500,108.3mb,63270,diário,2,4356,,,,,,,
True,500,108.3mb,63270,diário,5,4356,,,,,,,
True,500,108.3mb,63270,diário,2,4356,,,,,,,
True,500,108.3mb,63270,diário,4,4356,,,,,,,
True,500,108.3mb,63270,diário,3,4356,,,,,,,
True,500,108.3mb,63270,diário,2,4356,,,,,,,
True,500,108.3mb,63270,diário,4,4356,,,,,,,
True,500,108.3mb,63270,diário,1,4356,,,,,,,
True,500,108.3mb,63270,diário,2,4356,,,,,,,
True,500,108.3mb,63270,diário,3,4356,,,,,,,
True,500,108.3mb,63270,diário,3,4356,,,,,,,
True,500,108.3mb,63270,diário,3,4356,,,,,,,
True,500,108.3mb,63270,lei,9,2281,,,,,,,
True,500,108.3mb,63270,lei,3,2281,,,,,,,
True,500,108.3mb,63270,lei,6,2281,,,,,,,
True,500,108.3mb,63270,lei,2,2281,,,,,,,
True,500,108.3mb,63270,lei,2,2281,,,,,,,
True,500,108.3mb,63270,lei,2,2281,,,,,,,
True,500,108.3mb,63270,lei,3,2281,,,,,,,
True,500,108.3mb,63270,lei,4,2281,,,,,,,
True,500,108.3mb,63270,lei,3,2281,,,,,,,
True,500,108.3mb,63270,lei,2,2281,,,,,,,
True,500,108.3mb,63270,lei,3,2281,,,,,,,
True,500,108.3mb,63270,lei,2,2281,,,,,,,
True,500,108.3mb,63270,lei,2,2281,,,,,,,
True,500,108.3mb,63270,lei,3,2281,,,,,,,
True,500,108.3mb,63270,lei,3,2281,,,,,,,
True,500,108.3mb,63270,lei,2,2281,,,,,,,
True,500,108.3mb,63270,lei,4,2281,,,,,,,
True,500,108.3mb,63270,lei,2,2281,,,,,,,
True,500,108.3mb,63270,lei,2,2281,,,,,,,
True,500,108.3mb,63270,lei,4,2281,,,,,,,
True,500,108.3mb,63270,lei,2,2281,,,,,,,
True,500,108.3mb,63270,lei,3,2281,,,,,,,
True,500,108.3mb,63270,lei,3,2281,,,,,,,
True,500,108.3mb,63270,lei,3,2281,,,,,,,
True,500,108.3mb,63270,lei,3,2281,,,,,,,
True,500,108.3mb,63270,lei,3,2281,,,,,,,
True,500,108.3mb,63270,lei,5,2281,,,,,,,
True,500,108.3mb,63270,lei,8,2281,,,,,,,
True,500,108.3mb,63270,lei,3,2281,,,,,,,
True,500,108.3mb,63270,lei,5,2281,,,,,,,
True,500,108.3mb,63270,lei,2,2281,,,,,,,
True,500,108.3mb,63270,lei,2,2281,,,,,,,
True,500,108.3mb,63270,lei,2,2281,,,,,,,
True,500,108.3mb,63270,lei,2,2281,,,,,,,
True,500,108.3mb,63270,lei,1,2281,,,,,,,
True,500,108.3mb,63270,lei,2,2281,,,,,,,
True,500,108.3mb,63270,lei,2,2281,,,,,,,
True,500,108.3mb,63270,lei,2,2281,,,,,,,
True,500,108.3mb,63270,lei,4,2281,,,,,,,
True,500,108.3mb,63270,lei,2,2281,,,,,,,
True,500,108.3mb,63270,lei,2,2281,,,,,,,
True,500,108.3mb,63270,lei,2,2281,,,,,,,
True,500,108.3mb,63270,lei,4,2281,,,,,,,
True,500,108.3mb,63270,lei,2,2281,,,,,,,
True,500,108.3mb,63270,lei,2,2281,,,,,,,
True,500,108.3mb,63270,lei,3,2281,,,,,,,
True,500,108.3mb,63270,lei,1,2281,,,,,,,
True,500,108.3mb,63270,lei,2,2281,,,,,,,
True,500,108.3mb,63270,lei,3,2281,,,,,,,
True,500,108.3mb,63270,lei,3,2281,,,,,,,
True,500,108.3mb,63270,lei,2,2281,,,,,,,
True,500,108.3mb,63270,lei,2,2281,,,,,,,
True,500,108.3mb,63270,lei,2,2281,,,,,,,
True,500,108.3mb,63270,lei,4,2281,,,,,,,
True,500,108.3mb,63270,lei,2,2281,,,,,,,
True,500,108.3mb,63270,lei,3,2281,,,,,,,
True,500,108.3mb,63270,lei,5,2281,,,,,,,
True,500,108.3mb,63270,lei,2,2281,,,,,,,
True,500,108.3mb,63270,lei,1,2281,,,,,,,
True,500,108.3mb,63270,lei,1,2281,,,,,,,
True,500,108.3mb,63270,lei,2,2281,,,,,,,
True,500,108.3mb,63270,lei,3,2281,,,,,,,
True,500,108.3mb,63270,lei,2,2281,,,,,,,
True,500,108.3mb,63270,lei,1,2281,,,,,,,
True,500,108.3mb,63270,lei,2,2281,,,,,,,
True,500,108.3mb,63270,lei,2,2281,,,,,,,
True,500,108.3mb,63270,lei,5,2281,,,,,,,
True,500,108.3mb,63270,lei,2,2281,,,,,,,
True,500,108.3mb,63270,lei,2,2281,,,,,,,
True,500,108.3mb,63270,lei,3,2281,,,,,,,
True,500,108.3mb,63270,lei,2,2281,,,,,,,
True,500,108.3mb,63270,lei,4,2281,,,,,,,
True,500,108.3mb,63270,lei,2,2281,,,,,,,
True,500,108.3mb,63270,lei,2,2281,,,,,,,
True,500,108.3mb,63270,lei,4,2281,,,,,,,
True,500,108.3mb,63270,lei,1,2281,,,,,,,
True,500,108.3mb,63270,lei,3,2281,,,,,,,
True,500,108.3mb,63270,lei,4,2281,,,,,,,
True,500,108.3mb,63270,lei,2,2281,,,,,,,
True,500,108.3mb,63270,lei,3,2281,,,,,,,
True,500,108.3mb,63270,lei,2,2281,,,,,,,
True,500,108.3mb,63270,lei,2,2281,,,,,,,
True,500,108.3mb,63270,lei,4,2281,,,,,,,
True,500,108.3mb,63270,lei,2,2281,,,,,,,
True,500,108.3mb,63270,lei,2,2281,,,,,,,
True,500,108.3mb,63270,lei,3,2281,,,,,,,
True,500,108.3mb,63270,lei,4,2281,,,,,,,
True,500,108.3mb,63270,lei,3,2281,,,,,,,
True,500,108.3mb,63270,lei,2,2281,,,,,,,
True,500,108.3mb,63270,lei,2,2281,,,,,,,
True,500,108.3mb,63270,lei,2,2281,,,,,,,
True,500,108.3mb,63270,lei,3,2281,,,,,,,
True,500,108.3mb,63270,lei,2,2281,,,,,,,
True,500,108.3mb,63270,lei,4,2281,,,,,,,
True,500,108.3mb,63270,lei,2,2281,,,,,,,
True,500,108.3mb,63270,lei,2,2281,,,,,,,
True,500,108.3mb,63270,lei,4,2281,,,,,,,
True,500,108.3mb,63270,lei,3,2281,,,,,,,
True,500,108.3mb,63270,lei,6,2281,,,,,,,
True,500,108.3mb,63270,lei,2,2281,,,,,,,
True,500,108.3mb,63270,termo,30,842,,,,,,,
True,500,108.3mb,63270,termo,2,842,,,,,,,
True,500,108.3mb,63270,termo,2,842,,,,,,,
True,500,108.3mb,63270,termo,3,842,,,,,,,
True,500,108.3mb,63270,termo,2,842,,,,,,,
True,500,108.3mb,63270,termo,3,842,,,,,,,
True,500,108.3mb,63270,termo,2,842,,,,,,,
True,500,108.3mb,63270,termo,3,842,,,,,,,
True,500,108.3mb,63270,termo,1,842,,,,,,,
True,500,108.3mb,63270,termo,1,842,,,,,,,
True,500,108.3mb,63270,termo,2,842,,,,,,,
True,500,108.3mb,63270,termo,2,842,,,,,,,
True,500,108.3mb,63270,termo,1,842,,,,,,,
True,500,108.3mb,63270,termo,3,842,,,,,,,
True,500,108.3mb,63270,termo,4,842,,,,,,,
True,500,108.3mb,63270,termo,2,842,,,,,,,
True,500,108.3mb,63270,termo,3,842,,,,,,,
True,500,108.3mb,63270,termo,3,842,,,,,,,
True,500,108.3mb,63270,termo,2,842,,,,,,,
True,500,108.3mb,63270,termo,1,842,,,,,,,
True,500,108.3mb,63270,termo,1,842,,,,,,,
True,500,108.3mb,63270,termo,2,842,,,,,,,
True,500,108.3mb,63270,termo,2,842,,,,,,,
True,500,108.3mb,63270,termo,2,842,,,,,,,
True,500,108.3mb,63270,termo,2,842,,,,,,,
True,500,108.3mb,63270,termo,4,842,,,,,,,
True,500,108.3mb,63270,termo,1,842,,,,,,,
True,500,108.3mb,63270,termo,2,842,,,,,,,
True,500,108.3mb,63270,termo,2,842,,,,,,,
True,500,108.3mb,63270,termo,2,842,,,,,,,
True,500,108.3mb,63270,termo,2,842,,,,,,,
True,500,108.3mb,63270,termo,3,842,,,,,,,
True,500,108.3mb,63270,termo,4,842,,,,,,,
True,500,108.3mb,63270,termo,2,842,,,,,,,
True,500,108.3mb,63270,termo,4,842,,,,,,,
True,500,108.3mb,63270,termo,2,842,,,,,,,
True,500,108.3mb,63270,termo,1,842,,,,,,,
True,500,108.3mb,63270,termo,2,842,,,,,,,
True,500,108.3mb,63270,termo,3,842,,,,,,,
True,500,108.3mb,63270,termo,3,842,,,,,,,
True,500,108.3mb,63270,termo,2,842,,,,,,,
True,500,108.3mb,63270,termo,1,842,,,,,,,
True,500,108.3mb,63270,termo,1,842,,,,,,,
True,500,108.3mb,63270,termo,1,842,,,,,,,
True,500,108.3mb,63270,termo,2,842,,,,,,,
True,500,108.3mb,63270,termo,2,842,,,,,,,
True,500,108.3mb,63270,termo,3,842,,,,,,,
True,500,108.3mb,63270,termo,3,842,,,,,,,
True,500,108.3mb,63270,termo,2,842,,,,,,,
True,500,108.3mb,63270,termo,1,842,,,,,,,
True,500,108.3mb,63270,termo,2,842,,,,,,,
True,500,108.3mb,63270,termo,1,842,,,,,,,
True,500,108.3mb,63270,termo,2,842,,,,,,,
True,500,108.3mb,63270,termo,2,842,,,,,,,
True,500,108.3mb,63270,termo,1,842,,,,,,,
True,500,108.3mb,63270,termo,2,842,,,,,,,
True,500,108.3mb,63270,termo,3,842,,,,,,,
True,500,108.3mb,63270,termo,2,842,,,,,,,
True,500,108.3mb,63270,termo,2,842,,,,,,,
True,500,108.3mb,63270,termo,2,842,,,,,,,
True,500,108.3mb,63270,termo,2,842,,,,,,,
True,500,108.3mb,63270,termo,2,842,,,,,,,
True,500,108.3mb,63270,termo,3,842,,,,,,,
True,500,108.3mb,63270,termo,1,842,,,,,,,
True,500,108.3mb,63270,termo,2,842,,,,,,,
True,500,108.3mb,63270,termo,1,842,,,,,,,
True,500,108.3mb,63270,termo,2,842,,,,,,,
True,500,108.3mb,63270,termo,1,842,,,,,,,
True,500,108.3mb,63270,termo,2,842,,,,,,,
True,500,108.3mb,63270,termo,2,842,,,,,,,
True,500,108.3mb,63270,termo,2,842,,,,,,,
True,500,108.3mb,63270,termo,2,842,,,,,,,
True,500,108.3mb,63270,termo,3,842,,,,,,,
True,500,108.3mb,63270,termo,3,842,,,,,,,
True,500,108.3mb,63270,termo,2,842,,,,,,,
True,500,108.3mb,63270,termo,2,842,,,,,,,
True,500,108.3mb,63270,termo,2,842,,,,,,,
True,500,108.3mb,63270,termo,3,842,,,,,,,
True,500,108.3mb,63270,termo,4,842,,,,,,,
True,500,108.3mb,63270,termo,2,842,,,,,,,
True,500,108.3mb,63270,termo,2,842,,,,,,,
True,500,108.3mb,63270,termo,2,842,,,,,,,
True,500,108.3mb,63270,termo,3,842,,,,,,,
True,500,108.3mb,63270,termo,3,842,,,,,,,
True,500,108.3mb,63270,termo,2,842,,,,,,,
True,500,108.3mb,63270,termo,2,842,,,,,,,
True,500,108.3mb,63270,termo,2,842,,,,,,,
True,500,108.3mb,63270,termo,2,842,,,,,,,
True,500,108.3mb,63270,termo,3,842,,,,,,,
True,500,108.3mb,63270,termo,2,842,,,,,,,
True,500,108.3mb,63270,termo,3,842,,,,,,,
True,500,108.3mb,63270,termo,1,842,,,,,,,
True,500,108.3mb,63270,termo,1,842,,,,,,,
True,500,108.3mb,63270,termo,2,842,,,,,,,
True,500,108.3mb,63270,termo,2,842,,,,,,,
True,500,108.3mb,63270,termo,2,842,,,,,,,
True,500,108.3mb,63270,termo,2,842,,,,,,,
True,500,108.3mb,63270,termo,2,842,,,,,,,
True,500,108.3mb,63270,termo,2,842,,,,,,,
True,500,108.3mb,63270,termo,1,842,,,,,,,
True,500,108.3mb,63270,decreto,9,754,,,,,,,
True,500,108.3mb,63270,decreto,3,754,,,,,,,
True,500,108.3mb,63270,decreto,2,754,,,,,,,
True,500,108.3mb,63270,decreto,2,754,,,,,,,
True,500,108.3mb,63270,decreto,2,754,,,,,,,
True,500,108.3mb,63270,decreto,2,754,,,,,,,
True,500,108.3mb,63270,decreto,1,754,,,,,,,
True,500,108.3mb,63270,decreto,2,754,,,,,,,
True,500,108.3mb,63270,decreto,4,754,,,,,,,
True,500,108.3mb,63270,decreto,2,754,,,,,,,
True,500,108.3mb,63270,decreto,2,754,,,,,,,
True,500,108.3mb,63270,decreto,2,754,,,,,,,
True,500,108.3mb,63270,decreto,2,754,,,,,,,
True,500,108.3mb,63270,decreto,3,754,,,,,,,
True,500,108.3mb,63270,decreto,3,754,,,,,,,
True,500,108.3mb,63270,decreto,2,754,,,,,,,
True,500,108.3mb,63270,decreto,1,754,,,,,,,
True,500,108.3mb,63270,decreto,2,754,,,,,,,
True,500,108.3mb,63270,decreto,1,754,,,,,,,
True,500,108.3mb,63270,decreto,2,754,,,,,,,
True,500,108.3mb,63270,decreto,2,754,,,,,,,
True,500,108.3mb,63270,decreto,2,754,,,,,,,
True,500,108.3mb,63270,decreto,2,754,,,,,,,
True,500,108.3mb,63270,decreto,1,754,,,,,,,
True,500,108.3mb,63270,decreto,3,754,,,,,,,
True,500,108.3mb,63270,decreto,3,754,,,,,,,
True,500,108.3mb,63270,decreto,3,754,,,,,,,
True,500,108.3mb,63270,decreto,3,754,,,,,,,
True,500,108.3mb,63270,decreto,2,754,,,,,,,
True,500,108.3mb,63270,decreto,2,754,,,,,,,
True,500,108.3mb,63270,decreto,1,754,,,,,,,
True,500,108.3mb,63270,decreto,2,754,,,,,,,
True,500,108.3mb,63270,decreto,2,754,,,,,,,
True,500,108.3mb,63270,decreto,4,754,,,,,,,
True,500,108.3mb,63270,decreto,2,754,,,,,,,
True,500,108.3mb,63270,decreto,3,754,,,,,,,
True,500,108.3mb,63270,decreto,2,754,,,,,,,
True,500,108.3mb,63270,decreto,2,754,,,,,,,
True,500,108.3mb,63270,decreto,1,754,,,,,,,
True,500,108.3mb,63270,decreto,1,754,,,,,,,
True,500,108.3mb,63270,decreto,2,754,,,,,,,
True,500,108.3mb,63270,decreto,4,754,,,,,,,
True,500,108.3mb,63270,decreto,2,754,,,,,,,
True,500,108.3mb,63270,decreto,1,754,,,,,,,
True,500,108.3mb,63270,decreto,2,754,,,,,,,
True,500,108.3mb,63270,decreto,2,754,,,,,,,
True,500,108.3mb,63270,decreto,2,754,,,,,,,
True,500,108.3mb,63270,decreto,1,754,,,,,,,
True,500,108.3mb,63270,decreto,2,754,,,,,,,
True,500,108.3mb,63270,decreto,3,754,,,,,,,
True,500,108.3mb,63270,decreto,2,754,,,,,,,
True,500,108.3mb,63270,decreto,3,754,,,,,,,
True,500,108.3mb,63270,decreto,2,754,,,,,,,
True,500,108.3mb,63270,decreto,3,754,,,,,,,
True,500,108.3mb,63270,decreto,2,754,,,,,,,
True,500,108.3mb,63270,decreto,2,754,,,,,,,
True,500,108.3mb,63270,decreto,1,754,,,,,,,
True,500,108.3mb,63270,decreto,1,754,,,,,,,
True,500,108.3mb,63270,decreto,2,754,,,,,,,
True,500,108.3mb,63270,decreto,2,754,,,,,,,
True,500,108.3mb,63270,decreto,2,754,,,,,,,
True,500,108.3mb,63270,decreto,2,754,,,,,,,
True,500,108.3mb,63270,decreto,1,754,,,,,,,
True,500,108.3mb,63270,decreto,2,754,,,,,,,
True,500,108.3mb,63270,decreto,2,754,,,,,,,
True,500,108.3mb,63270,decreto,1,754,,,,,,,
True,500,108.3mb,63270,decreto,2,754,,,,,,,
True,500,108.3mb,63270,decreto,1,754,,,,,,,
True,500,108.3mb,63270,decreto,2,754,,,,,,,
True,500,108.3mb,63270,decreto,1,754,,,,,,,
True,500,108.3mb,63270,decreto,2,754,,,,,,,
True,500,108.3mb,63270,decreto,3,754,,,,,,,
True,500,108.3mb,63270,decreto,2,754,,,,,,,
True,500,108.3mb,63270,decreto,1,754,,,,,,,
True,500,108.3mb,63270,decreto,2,754,,,,,,,
True,500,108.3mb,63270,decreto,2,754,,,,,,,
True,500,108.3mb,63270,decreto,2,754,,,,,,,
True,500,108.3mb,63270,decreto,2,754,,,,,,,
True,500,108.3mb,63270,decreto,3,754,,,,,,,
True,500,108.3mb,63270,decreto,3,754,,,,,,,
True,500,108.3mb,63270,decreto,3,754,,,,,,,
True,500,108.3mb,63270,decreto,1,754,,,,,,,
True,500,108.3mb,63270,decreto,1,754,,,,,,,
True,500,108.3mb,63270,decreto,1,754,,,,,,,
True,500,108.3mb,63270,decreto,2,754,,,,,,,
True,500,108.3mb,63270,decreto,2,754,,,,,,,
True,500,108.3mb,63270,decreto,2,754,,,,,,,
True,500,108.3mb,63270,decreto,1,754,,,,,,,
True,500,108.3mb,63270,decreto,2,754,,,,,,,
True,500,108.3mb,63270,decreto,2,754,,,,,,,
True,500,108.3mb,63270,decreto,2,754,,,,,,,
True,500,108.3mb,63270,decreto,1,754,,,,,,,
True,500,108.3mb,63270,decreto,2,754,,,,,,,
True,500,108.3mb,63270,decreto,2,754,,,,,,,
True,500,108.3mb,63270,decreto,2,754,,,,,,,
True,500,108.3mb,63270,decreto,2,754,,,,,,,
True,500,108.3mb,63270,decreto,2,754,,,,,,,
True,500,108.3mb,63270,decreto,2,754,,,,,,,
True,500,108.3mb,63270,decreto,3,754,,,,,,,
True,500,108.3mb,63270,decreto,1,754,,,,,,,
True,500,108.3mb,63270,,,,,,,True,prefeitura,500,156
True,500,108.3mb,63270,,,,,,,True,prefeitura,500,8
True,500,108.3mb,63270,,,,,,,True,prefeitura,500,7
True,500,108.3mb,63270,,,,,,,True,prefeitura,500,7
True,500,108.3mb,63270,,,,,,,True,prefeitura,500,5
True,500,108.3mb,63270,,,,,,,True,prefeitura,500,10
True,500,108.3mb,63270,,,,,,,True,prefeitura,500,8
True,500,108.3mb,63270,,,,,,,True,prefeitura,500,6
True,500,108.3mb,63270,,,,,,,True,prefeitura,500,6
True,500,108.3mb,63270,,,,,,,True,prefeitura,500,5
True,500,108.3mb,63270,,,,,,,True,prefeitura,500,4
True,500,108.3mb,63270,,,,,,,True,prefeitura,500,6
True,500,108.3mb,63270,,,,,,,True,prefeitura,500,5
True,500,108.3mb,63270,,,,,,,True,prefeitura,500,3
True,500,108.3mb,63270,,,,,,,True,prefeitura,500,5
True,500,108.3mb,63270,,,,,,,True,prefeitura,500,5
True,500,108.3mb,63270,,,,,,,True,prefeitura,500,9
True,500,108.3mb,63270,,,,,,,True,prefeitura,500,3
True,500,108.3mb,63270,,,,,,,True,prefeitura,500,5
True,500,108.3mb,63270,,,,,,,True,prefeitura,500,3
True,500,108.3mb,63270,,,,,,,True,prefeitura,500,9
True,500,108.3mb,63270,,,,,,,True,prefeitura,500,5
True,500,108.3mb,63270,,,,,,,True,prefeitura,500,3
True,500,108.3mb,63270,,,,,,,True,prefeitura,500,3
True,500,108.3mb,63270,,,,,,,True,prefeitura,500,3
True,500,108.3mb,63270,,,,,,,True,prefeitura,500,5
True,500,108.3mb,63270,,,,,,,True,prefeitura,500,3
True,500,108.3mb,63270,,,,,,,True,prefeitura,500,3
True,500,108.3mb,63270,,,,,,,True,prefeitura,500,5
True,500,108.3mb,63270,,,,,,,True,prefeitura,500,4
True,500,108.3mb,63270,,,,,,,True,prefeitura,500,4
True,500,108.3mb,63270,,,,,,,True,prefeitura,500,3
True,500,108.3mb,63270,,,,,,,True,prefeitura,500,3
True,500,108.3mb,63270,,,,,,,True,prefeitura,500,3
True,500,108.3mb,63270,,,,,,,True,prefeitura,500,3
True,500,108.3mb,63270,,,,,,,True,prefeitura,500,3
True,500,108.3mb,63270,,,,,,,True,prefeitura,500,4
True,500,108.3mb,63270,,,,,,,True,prefeitura,500,3
True,500,108.3mb,63270,,,,,,,True,prefeitura,500,3
True,500,108.3mb,63270,,,,,,,True,prefeitura,500,5
True,500,108.3mb,63270,,,,,,,True,prefeitura,500,3
True,500,108.3mb,63270,,,,,,,True,prefeitura,500,7
True,500,108.3mb,63270,,,,,,,True,prefeitura,500,5
True,500,108.3mb,63270,,,,,,,True,prefeitura,500,3
True,500,108.3mb,63270,,,,,,,True,prefeitura,500,3
True,500,108.3mb,63270,,,,,,,True,prefeitura,500,3
True,500,108.3mb,63270,,,,,,,True,prefeitura,500,3
True,500,108.3mb,63270,,,,,,,True,prefeitura,500,3
True,500,108.3mb,63270,,,,,,,True,prefeitura,500,6
True,500,108.3mb,63270,,,,,,,True,prefeitura,500,3
True,500,108.3mb,63270,,,,,,,True,prefeitura,500,5
True,500,108.3mb,63270,,,,,,,True,prefeitura,500,3
True,500,108.3mb,63270,,,,,,,True,prefeitura,500,4
True,500,108.3mb,63270,,,,,,,True,prefeitura,500,4
True,500,108.3mb,63270,,,,,,,True,prefeitura,500,5
True,500,108.3mb,63270,,,,,,,True,prefeitura,500,3
True,500,108.3mb,63270,,,,,,,True,prefeitura,500,4
True,500,108.3mb,63270,,,,,,,True,prefeitura,500,3
True,500,108.3mb,63270,,,,,,,True,prefeitura,500,3
True,500,108.3mb,63270,,,,,,,True,prefeitura,500,5
True,500,108.3mb,63270,,,,,,,True,prefeitura,500,4
True,500,108.3mb,63270,,,,,,,True,prefeitura,500,4
True,500,108.3mb,63270,,,,,,,True,prefeitura,500,3
True,500,108.3mb,63270,,,,,,,True,prefeitura,500,4
True,500,108.3mb,63270,,,,,,,True,prefeitura,500,3
True,500,108.3mb,63270,,,,,,,True,prefeitura,500,4
True,500,108.3mb,63270,,,,,,,True,prefeitura,500,4
True,500,108.3mb,63270,,,,,,,True,prefeitura,500,4
True,500,108.3mb,63270,,,,,,,True,prefeitura,500,3
True,500,108.3mb,63270,,,,,,,True,prefeitura,500,9
True,500,108.3mb,63270,,,,,,,True,prefeitura,500,2
True,500,108.3mb,63270,,,,,,,True,prefeitura,500,3
True,500,108.3mb,63270,,,,,,,True,prefeitura,500,3
True,500,108.3mb,63270,,,,,,,True,prefeitura,500,2
True,500,108.3mb,63270,,,,,,,True,prefeitura,500,3
True,500,108.3mb,63270,,,,,,,True,prefeitura,500,3
True,500,108.3mb,63270,,,,,,,True,prefeitura,500,8
True,500,108.3mb,63270,,,,,,,True,prefeitura,500,2
True,500,108.3mb,63270,,,,,,,True,prefeitura,500,2
True,500,108.3mb,63270,,,,,,,True,prefeitura,500,3
True,500,108.3mb,63270,,,,,,,True,prefeitura,500,3
True,500,108.3mb,63270,,,,,,,True,prefeitura,500,2
True,500,108.3mb,63270,,,,,,,True,prefeitura,500,4
True,500,108.3mb,63270,,,,,,,True,prefeitura,500,3
True,500,108.3mb,63270,,,,,,,True,prefeitura,500,3
True,500,108.3mb,63270,,,,,,,True,prefeitura,500,3
True,500,108.3mb,63270,,,,,,,True,prefeitura,500,4
True,500,108.3mb,63270,,,,,,,True,prefeitura,500,2
True,500,108.3mb,63270,,,,,,,True,prefeitura,500,4
True,500,108.3mb,63270,,,,,,,True,prefeitura,500,3
True,500,108.3mb,63270,,,,,,,True,prefeitura,500,3
True,500,108.3mb,63270,,,,,,,True,prefeitura,500,4
True,500,108.3mb,63270,,,,,,,True,prefeitura,500,3
True,500,108.3mb,63270,,,,,,,True,prefeitura,500,2
True,500,108.3mb,63270,,,,,,,True,prefeitura,500,3
True,500,108.3mb,63270,,,,,,,True,prefeitura,500,5
True,500,108.3mb,63270,,,,,,,True,prefeitura,500,2
True,500,108.3mb,63270,,,,,,,True,prefeitura,500,2
True,500,108.3mb,63270,,,,,,,True,prefeitura,500,2
True,500,108.3mb,63270,,,,,,,True,prefeitura,500,3
True,500,108.3mb,63270,,,,,,,True,Lei de Acesso à Informação,500,65
True,500,108.3mb,63270,,,,,,,True,Lei de Acesso à Informação,500,7
True,500,108.3mb,63270,,,,,,,True,Lei de Acesso à Informação,500,9
True,500,108.3mb,63270,,,,,,,True,Lei de Acesso à Informação,500,9
True,500,108.3mb,63270,,,,,,,True,Lei de Acesso à Informação,500,6
True,500,108.3mb,63270,,,,,,,True,Lei de Acesso à Informação,500,7
True,500,108.3mb,63270,,,,,,,True,Lei de Acesso à Informação,500,6
True,500,108.3mb,63270,,,,,,,True,Lei de Acesso à Informação,500,5
True,500,108.3mb,63270,,,,,,,True,Lei de Acesso à Informação,500,4
True,500,108.3mb,63270,,,,,,,True,Lei de Acesso à Informação,500,5
True,500,108.3mb,63270,,,,,,,True,Lei de Acesso à Informação,500,5
True,500,108.3mb,63270,,,,,,,True,Lei de Acesso à Informação,500,6
True,500,108.3mb,63270,,,,,,,True,Lei de Acesso à Informação,500,5
True,500,108.3mb,63270,,,,,,,True,Lei de Acesso à Informação,500,5
True,500,108.3mb,63270,,,,,,,True,Lei de Acesso à Informação,500,4
True,500,108.3mb,63270,,,,,,,True,Lei de Acesso à Informação,500,3
True,500,108.3mb,63270,,,,,,,True,Lei de Acesso à Informação,500,6
True,500,108.3mb,63270,,,,,,,True,Lei de Acesso à Informação,500,4
True,500,108.3mb,63270,,,,,,,True,Lei de Acesso à Informação,500,7
True,500,108.3mb,63270,,,,,,,True,Lei de Acesso à Informação,500,5
True,500,108.3mb,63270,,,,,,,True,Lei de Acesso à Informação,500,4
True,500,108.3mb,63270,,,,,,,True,Lei de Acesso à Informação,500,4
True,500,108.3mb,63270,,,,,,,True,Lei de Acesso à Informação,500,6
True,500,108.3mb,63270,,,,,,,True,Lei de Acesso à Informação,500,7
True,500,108.3mb,63270,,,,,,,True,Lei de Acesso à Informação,500,6
True,500,108.3mb,63270,,,,,,,True,Lei de Acesso à Informação,500,5
True,500,108.3mb,63270,,,,,,,True,Lei de Acesso à Informação,500,6
True,500,108.3mb,63270,,,,,,,True,Lei de Acesso à Informação,500,5
True,500,108.3mb,63270,,,,,,,True,Lei de Acesso à Informação,500,6
True,500,108.3mb,63270,,,,,,,True,Lei de Acesso à Informação,500,4
True,500,108.3mb,63270,,,,,,,True,Lei de Acesso à Informação,500,4
True,500,108.3mb,63270,,,,,,,True,Lei de Acesso à Informação,500,4
True,500,108.3mb,63270,,,,,,,True,Lei de Acesso à Informação,500,8
True,500,108.3mb,63270,,,,,,,True,Lei de Acesso à Informação,500,7
True,500,108.3mb,63270,,,,,,,True,Lei de Acesso à Informação,500,4
True,500,108.3mb,63270,,,,,,,True,Lei de Acesso à Informação,500,4
True,500,108.3mb,63270,,,,,,,True,Lei de Acesso à Informação,500,5
True,500,108.3mb,63270,,,,,,,True,Lei de Acesso à Informação,500,6
True,500,108.3mb,63270,,,,,,,True,Lei de Acesso à Informação,500,6
True,500,108.3mb,63270,,,,,,,True,Lei de Acesso à Informação,500,5
True,500,108.3mb,63270,,,,,,,True,Lei de Acesso à Informação,500,3
True,500,108.3mb,63270,,,,,,,True,Lei de Acesso à Informação,500,6
True,500,108.3mb,63270,,,,,,,True,Lei de Acesso à Informação,500,4
True,500,108.3mb,63270,,,,,,,True,Lei de Acesso à Informação,500,5
True,500,108.3mb,63270,,,,,,,True,Lei de Acesso à Informação,500,5
True,500,108.3mb,63270,,,,,,,True,Lei de Acesso à Informação,500,5
True,500,108.3mb,63270,,,,,,,True,Lei de Acesso à Informação,500,4
True,500,108.3mb,63270,,,,,,,True,Lei de Acesso à Informação,500,7
True,500,108.3mb,63270,,,,,,,True,Lei de Acesso à Informação,500,7
True,500,108.3mb,63270,,,,,,,True,Lei de Acesso à Informação,500,16
True,500,108.3mb,63270,,,,,,,True,Lei de Acesso à Informação,500,5
True,500,108.3mb,63270,,,,,,,True,Lei de Acesso à Informação,500,5
True,500,108.3mb,63270,,,,,,,True,Lei de Acesso à Informação,500,6
True,500,108.3mb,63270,,,,,,,True,Lei de Acesso à Informação,500,4
True,500,108.3mb,63270,,,,,,,True,Lei de Acesso à Informação,500,5
True,500,108.3mb,63270,,,,,,,True,Lei de Acesso à Informação,500,4
True,500,108.3mb,63270,,,,,,,True,Lei de Acesso à Informação,500,4
True,500,108.3mb,63270,,,,,,,True,Lei de Acesso à Informação,500,6
True,500,108.3mb,63270,,,,,,,True,Lei de Acesso à Informação,500,4
True,500,108.3mb,63270,,,,,,,True,Lei de Acesso à Informação,500,4
True,500,108.3mb,63270,,,,,,,True,Lei de Acesso à Informação,500,5
True,500,108.3mb,63270,,,,,,,True,Lei de Acesso à Informação,500,5
True,500,108.3mb,63270,,,,,,,True,Lei de Acesso à Informação,500,3
True,500,108.3mb,63270,,,,,,,True,Lei de Acesso à Informação,500,5
True,500,108.3mb,63270,,,,,,,True,Lei de Acesso à Informação,500,4
True,500,108.3mb,63270,,,,,,,True,Lei de Acesso à Informação,500,3
True,500,108.3mb,63270,,,,,,,True,Lei de Acesso à Informação,500,3
True,500,108.3mb,63270,,,,,,,True,Lei de Acesso à Informação,500,6
True,500,108.3mb,63270,,,,,,,True,Lei de Acesso à Informação,500,3
True,500,108.3mb,63270,,,,,,,True,Lei de Acesso à Informação,500,5
True,500,108.3mb,63270,,,,,,,True,Lei de Acesso à Informação,500,3
True,500,108.3mb,63270,,,,,,,True,Lei de Acesso à Informação,500,3
True,500,108.3mb,63270,,,,,,,True,Lei de Acesso à Informação,500,4
True,500,108.3mb,63270,,,,,,,True,Lei de Acesso à Informação,500,6
True,500,108.3mb,63270,,,,,,,True,Lei de Acesso à Informação,500,5
True,500,108.3mb,63270,,,,,,,True,Lei de Acesso à Informação,500,4
True,500,108.3mb,63270,,,,,,,True,Lei de Acesso à Informação,500,4
True,500,108.3mb,63270,,,,,,,True,Lei de Acesso à Informação,500,5
True,500,108.3mb,63270,,,,,,,True,Lei de Acesso à Informação,500,4
True,500,108.3mb,63270,,,,,,,True,Lei de Acesso à Informação,500,4
True,500,108.3mb,63270,,,,,,,True,Lei de Acesso à Informação,500,5
True,500,108.3mb,63270,,,,,,,True,Lei de Acesso à Informação,500,4
True,500,108.3mb,63270,,,,,,,True,Lei de Acesso à Informação,500,3
True,500,108.3mb,63270,,,,,,,True,Lei de Acesso à Informação,500,7
True,500,108.3mb,63270,,,,,,,True,Lei de Acesso à Informação,500,4
True,500,108.3mb,63270,,,,,,,True,Lei de Acesso à Informação,500,4
True,500,108.3mb,63270,,,,,,,True,Lei de Acesso à Informação,500,4
True,500,108.3mb,63270,,,,,,,True,Lei de Acesso à Informação,500,4
True,500,108.3mb,63270,,,,,,,True,Lei de Acesso à Informação,500,3
True,500,108.3mb,63270,,,,,,,True,Lei de Acesso à Informação,500,4
True,500,108.3mb,63270,,,,,,,True,Lei de Acesso à Informação,500,6
True,500,108.3mb,63270,,,,,,,True,Lei de Acesso à Informação,500,15
True,500,108.3mb,63270,,,,,,,True,Lei de Acesso à Informação,500,16
True,500,108.3mb,63270,,,,,,,True,Lei de Acesso à Informação,500,14
True,500,108.3mb,63270,,,,,,,True,Lei de Acesso à Informação,500,6
True,500,108.3mb,63270,,,,,,,True,Lei de Acesso à Informação,500,5
True,500,108.3mb,63270,,,,,,,True,Lei de Acesso à Informação,500,7
True,500,108.3mb,63270,,,,,,,True,Lei de Acesso à Informação,500,4
True,500,108.3mb,63270,,,,,,,True,Lei de Acesso à Informação,500,5
True,500,108.3mb,63270,,,,,,,True,Lei de Acesso à Informação,500,5
True,500,108.3mb,63270,,,,Lei de Acesso à Informação,4,4454,,,,
True,500,108.3mb,63270,,,,Lei de Acesso à Informação,3,4454,,,,
True,500,108.3mb,63270,,,,Lei de Acesso à Informação,2,4454,,,,
True,500,108.3mb,63270,,,,Lei de Acesso à Informação,4,4454,,,,
True,500,108.3mb,63270,,,,Lei de Acesso à Informação,5,4454,,,,
True,500,108.3mb,63270,,,,Lei de Acesso à Informação,2,4454,,,,
True,500,108.3mb,63270,,,,Lei de Acesso à Informação,4,4454,,,,
True,500,108.3mb,63270,,,,Lei de Acesso à Informação,2,4454,,,,
True,500,108.3mb,63270,,,,Lei de Acesso à Informação,3,4454,,,,
True,500,108.3mb,63270,,,,Lei de Acesso à Informação,3,4454,,,,
True,500,108.3mb,63270,,,,Lei de Acesso à Informação,5,4454,,,,
True,500,108.3mb,63270,,,,Lei de Acesso à Informação,2,4454,,,,
True,500,108.3mb,63270,,,,Lei de Acesso à Informação,2,4454,,,,
True,500,108.3mb,63270,,,,Lei de Acesso à Informação,2,4454,,,,
True,500,108.3mb,63270,,,,Lei de Acesso à Informação,5,4454,,,,
True,500,108.3mb,63270,,,,Lei de Acesso à Informação,2,4454,,,,
True,500,108.3mb,63270,,,,Lei de Acesso à Informação,2,4454,,,,
True,500,108.3mb,63270,,,,Lei de Acesso à Informação,3,4454,,,,
True,500,108.3mb,63270,,,,Lei de Acesso à Informação,5,4454,,,,
True,500,108.3mb,63270,,,,Lei de Acesso à Informação,3,4454,,,,
True,500,108.3mb,63270,,,,Lei de Acesso à Informação,4,4454,,,,
True,500,108.3mb,63270,,,,Lei de Acesso à Informação,3,4454,,,,
True,500,108.3mb,63270,,,,Lei de Acesso à Informação,3,4454,,,,
True,500,108.3mb,63270,,,,Lei de Acesso à Informação,4,4454,,,,
True,500,108.3mb,63270,,,,Lei de Acesso à Informação,3,4454,,,,
True,500,108.3mb,63270,,,,Lei de Acesso à Informação,3,4454,,,,
True,500,108.3mb,63270,,,,Lei de Acesso à Informação,2,4454,,,,
True,500,108.3mb,63270,,,,Lei de Acesso à Informação,6,4454,,,,
True,500,108.3mb,63270,,,,Lei de Acesso à Informação,3,4454,,,,
True,500,108.3mb,63270,,,,Lei de Acesso à Informação,2,4454,,,,
True,500,108.3mb,63270,,,,Lei de Acesso à Informação,3,4454,,,,
True,500,108.3mb,63270,,,,Lei de Acesso à Informação,3,4454,,,,
True,500,108.3mb,63270,,,,Lei de Acesso à Informação,4,4454,,,,
True,500,108.3mb,63270,,,,Lei de Acesso à Informação,2,4454,,,,
True,500,108.3mb,63270,,,,Lei de Acesso à Informação,3,4454,,,,
True,500,108.3mb,63270,,,,Lei de Acesso à Informação,2,4454,,,,
True,500,108.3mb,63270,,,,Lei de Acesso à Informação,3,4454,,,,
True,500,108.3mb,63270,,,,Lei de Acesso à Informação,4,4454,,,,
True,500,108.3mb,63270,,,,Lei de Acesso à Informação,2,4454,,,,
True,500,108.3mb,63270,,,,Lei de Acesso à Informação,3,4454,,,,
True,500,108.3mb,63270,,,,Lei de Acesso à Informação,3,4454,,,,
True,500,108.3mb,63270,,,,Lei de Acesso à Informação,5,4454,,,,
True,500,108.3mb,63270,,,,Lei de Acesso à Informação,2,4454,,,,
True,500,108.3mb,63270,,,,Lei de Acesso à Informação,2,4454,,,,
True,500,108.3mb,63270,,,,Lei de Acesso à Informação,3,4454,,,,
True,500,108.3mb,63270,,,,Lei de Acesso à Informação,3,4454,,,,
True,500,108.3mb,63270,,,,Lei de Acesso à Informação,4,4454,,,,
True,500,108.3mb,63270,,,,Lei de Acesso à Informação,2,4454,,,,
True,500,108.3mb,63270,,,,Lei de Acesso à Informação,2,4454,,,,
True,500,108.3mb,63270,,,,Lei de Acesso à Informação,3,4454,,,,
True,500,108.3mb,63270,,,,Lei de Acesso à Informação,4,4454,,,,
True,500,108.3mb,63270,,,,Lei de Acesso à Informação,2,4454,,,,
True,500,108.3mb,63270,,,,Lei de Acesso à Informação,2,4454,,,,
True,500,108.3mb,63270,,,,Lei de Acesso à Informação,2,4454,,,,
True,500,108.3mb,63270,,,,Lei de Acesso à Informação,3,4454,,,,
True,500,108.3mb,63270,,,,Lei de Acesso à Informação,3,4454,,,,
True,500,108.3mb,63270,,,,Lei de Acesso à Informação,3,4454,,,,
True,500,108.3mb,63270,,,,Lei de Acesso à Informação,3,4454,,,,
True,500,108.3mb,63270,,,,Lei de Acesso à Informação,4,4454,,,,
True,500,108.3mb,63270,,,,Lei de Acesso à Informação,2,4454,,,,
True,500,108.3mb,63270,,,,Lei de Acesso à Informação,2,4454,,,,
True,500,108.3mb,63270,,,,Lei de Acesso à Informação,4,4454,,,,
True,500,108.3mb,63270,,,,Lei de Acesso à Informação,3,4454,,,,
True,500,108.3mb,63270,,,,Lei de Acesso à Informação,3,4454,,,,
True,500,108.3mb,63270,,,,Lei de Acesso à Informação,5,4454,,,,
True,500,108.3mb,63270,,,,Lei de Acesso à Informação,5,4454,,,,
True,500,108.3mb,63270,,,,Lei de Acesso à Informação,4,4454,,,,
True,500,108.3mb,63270,,,,Lei de Acesso à Informação,9,4454,,,,
True,500,108.3mb,63270,,,,Lei de Acesso à Informação,5,4454,,,,
True,500,108.3mb,63270,,,,Lei de Acesso à Informação,5,4454,,,,
True,500,108.3mb,63270,,,,Lei de Acesso à Informação,4,4454,,,,
True,500,108.3mb,63270,,,,Lei de Acesso à Informação,4,4454,,,,
True,500,108.3mb,63270,,,,Lei de Acesso à Informação,5,4454,,,,
True,500,108.3mb,63270,,,,Lei de Acesso à Informação,5,4454,,,,
True,500,108.3mb,63270,,,,Lei de Acesso à Informação,4,4454,,,,
True,500,108.3mb,63270,,,,Lei de Acesso à Informação,6,4454,,,,
True,500,108.3mb,63270,,,,Lei de Acesso à Informação,5,4454,,,,
True,500,108.3mb,63270,,,,Lei de Acesso à Informação,6,4454,,,,
True,500,108.3mb,63270,,,,Lei de Acesso à Informação,7,4454,,,,
True,500,108.3mb,63270,,,,Lei de Acesso à Informação,8,4454,,,,
True,500,108.3mb,63270,,,,Lei de Acesso à Informação,4,4454,,,,
True,500,108.3mb,63270,,,,Lei de Acesso à Informação,4,4454,,,,
True,500,108.3mb,63270,,,,Lei de Acesso à Informação,5,4454,,,,
True,500,108.3mb,63270,,,,Lei de Acesso à Informação,5,4454,,,,
True,500,108.3mb,63270,,,,Lei de Acesso à Informação,4,4454,,,,
True,500,108.3mb,63270,,,,Lei de Acesso à Informação,6,4454,,,,
True,500,108.3mb,63270,,,,Lei de Acesso à Informação,4,4454,,,,
True,500,108.3mb,63270,,,,Lei de Acesso à Informação,8,4454,,,,
True,500,108.3mb,63270,,,,Lei de Acesso à Informação,4,4454,,,,
True,500,108.3mb,63270,,,,Lei de Acesso à Informação,5,4454,,,,
True,500,108.3mb,63270,,,,Lei de Acesso à Informação,4,4454,,,,
True,500,108.3mb,63270,,,,Lei de Acesso à Informação,4,4454,,,,
True,500,108.3mb,63270,,,,Lei de Acesso à Informação,4,4454,,,,
True,500,108.3mb,63270,,,,Lei de Acesso à Informação,5,4454,,,,
True,500,108.3mb,63270,,,,Lei de Acesso à Informação,4,4454,,,,
True,500,108.3mb,63270,,,,Lei de Acesso à Informação,5,4454,,,,
True,500,108.3mb,63270,,,,Lei de Acesso à Informação,5,4454,,,,
True,500,108.3mb,63270,,,,Lei de Acesso à Informação,4,4454,,,,
True,500,108.3mb,63270,,,,Lei de Acesso à Informação,4,4454,,,,
True,500,108.3mb,63270,,,,Lei de Acesso à Informação,4,4454,,,,
True,500,108.3mb,63270,,,,LAI,2,0,,,,
True,500,108.3mb,63270,,,,LAI,1,0,,,,
True,500,108.3mb,63270,,,,LAI,1,0,,,,
True,500,108.3mb,63270,,,,LAI,2,0,,,,
True,500,108.3mb,63270,,,,LAI,2,0,,,,
True,500,108.3mb,63270,,,,LAI,2,0,,,,
True,500,108.3mb,63270,,,,LAI,2,0,,,,
True,500,108.3mb,63270,,,,LAI,2,0,,,,
True,500,108.3mb,63270,,,,LAI,2,0,,,,
True,500,108.3mb,63270,,,,LAI,2,0,,,,
True,500,108.3mb,63270,,,,LAI,2,0,,,,
True,500,108.3mb,63270,,,,LAI,2,0,,,,
True,500,108.3mb,63270,,,,LAI,2,0,,,,
True,500,108.3mb,63270,,,,LAI,2,0,,,,
True,500,108.3mb,63270,,,,LAI,2,0,,,,
True,500,108.3mb,63270,,,,LAI,3,0,,,,
True,500,108.3mb,63270,,,,LAI,3,0,,,,
True,500,108.3mb,63270,,,,LAI,3,0,,,,
True,500,108.3mb,63270,,,,LAI,3,0,,,,
True,500,108.3mb,63270,,,,LAI,4,0,,,,
True,500,108.3mb,63270,,,,LAI,1,0,,,,
True,500,108.3mb,63270,,,,LAI,3,0,,,,
True,500,108.3mb,63270,,,,LAI,2,0,,,,
True,500,108.3mb,63270,,,,LAI,1,0,,,,
True,500,108.3mb,63270,,,,LAI,2,0,,,,
True,500,108.3mb,63270,,,,LAI,1,0,,,,
True,500,108.3mb,63270,,,,LAI,2,0,,,,
True,500,108.3mb,63270,,,,LAI,2,0,,,,
True,500,108.3mb,63270,,,,LAI,3,0,,,,
True,500,108.3mb,63270,,,,LAI,2,0,,,,
True,500,108.3mb,63270,,,,LAI,2,0,,,,
True,500,108.3mb,63270,,,,LAI,2,0,,,,
True,500,108.3mb,63270,,,,LAI,2,0,,,,
True,500,108.3mb,63270,,,,LAI,2,0,,,,
True,500,108.3mb,63270,,,,LAI,2,0,,,,
True,500,108.3mb,63270,,,,LAI,2,0,,,,
True,500,108.3mb,63270,,,,LAI,2,0,,,,
True,500,108.3mb,63270,,,,LAI,2,0,,,,
True,500,108.3mb,63270,,,,LAI,2,0,,,,
True,500,108.3mb,63270,,,,LAI,3,0,,,,
True,500,108.3mb,63270,,,,LAI,2,0,,,,
True,500,108.3mb,63270,,,,LAI,2,0,,,,
True,500,108.3mb,63270,,,,LAI,2,0,,,,
True,500,108.3mb,63270,,,,LAI,2,0,,,,
True,500,108.3mb,63270,,,,LAI,1,0,,,,
True,500,108.3mb,63270,,,,LAI,1,0,,,,
True,500,108.3mb,63270,,,,LAI,1,0,,,,
True,500,108.3mb,63270,,,,LAI,1,0,,,,
True,500,108.3mb,63270,,,,LAI,1,0,,,,
True,500,108.3mb,63270,,,,LAI,1,0,,,,
True,500,108.3mb,63270,,,,LAI,1,0,,,,
True,500,108.3mb,63270,,,,LAI,2,0,,,,
True,500,108.3mb,63270,,,,LAI,1,0,,,,
True,500,108.3mb,63270,,,,LAI,1,0,,,,
True,500,108.3mb,63270,,,,LAI,1,0,,,,
True,500,108.3mb,63270,,,,LAI,1,0,,,,
True,500,108.3mb,63270,,,,LAI,1,0,,,,
True,500,108.3mb,63270,,,,LAI,1,0,,,,
True,500,108.3mb,63270,,,,LAI,2,0,,,,
True,500,108.3mb,63270,,,,LAI,1,0,,,,
True,500,108.3mb,63270,,,,LAI,2,0,,,,
True,500,108.3mb,63270,,,,LAI,3,0,,,,
True,500,108.3mb,63270,,,,LAI,1,0,,,,
True,500,108.3mb,63270,,,,LAI,1,0,,,,
True,500,108.3mb,63270,,,,LAI,1,0,,,,
True,500,108.3mb,63270,,,,LAI,1,0,,,,
True,500,108.3mb,63270,,,,LAI,1,0,,,,
True,500,108.3mb,63270,,,,LAI,1,0,,,,
True,500,108.3mb,63270,,,,LAI,1,0,,,,
True,500,108.3mb,63270,,,,LAI,1,0,,,,
True,500,108.3mb,63270,,,,LAI,1,0,,,,
True,500,108.3mb,63270,,,,LAI,1,0,,,,
True,500,108.3mb,63270,,,,LAI,2,0,,,,
True,500,108.3mb,63270,,,,LAI,1,0,,,,
True,500,108.3mb,63270,,,,LAI,1,0,,,,
True,500,108.3mb,63270,,,,LAI,1,0,,,,
True,500,108.3mb,63270,,,,LAI,1,0,,,,
True,500,108.3mb,63270,,,,LAI,1,0,,,,
True,500,108.3mb,63270,,,,LAI,1,0,,,,
True,500,108.3mb,63270,,,,LAI,3,0,,,,
True,500,108.3mb,63270,,,,LAI,1,0,,,,
True,500,108.3mb,63270,,,,LAI,1,0,,,,
True,500,108.3mb,63270,,,,LAI,1,0,,,,
True,500,108.3mb,63270,,,,LAI,1,0,,,,
True,500,108.3mb,63270,,,,LAI,1,0,,,,
True,500,108.3mb,63270,,,,LAI,1,0,,,,
True,500,108.3mb,63270,,,,LAI,1,0,,,,
True,500,108.3mb,63270,,,,LAI,1,0,,,,
True,500,108.3mb,63270,,,,LAI,1,0,,,,
True,500,108.3mb,63270,,,,LAI,1,0,,,,
True,500,108.3mb,63270,,,,LAI,2,0,,,,
True,500,108.3mb,63270,,,,LAI,2,0,,,,
True,500,108.3mb,63270,,,,LAI,1,0,,,,
True,500,108.3mb,63270,,,,LAI,1,0,,,,
True,500,108.3mb,63270,,,,LAI,3,0,,,,
True,500,108.3mb,63270,,,,LAI,1,0,,,,
True,500,108.3mb,63270,,,,LAI,1,0,,,,
True,500,108.3mb,63270,,,,LAI,1,0,,,,
True,500,108.3mb,63270,,,,LAI,1,0,,,,
True,500,108.3mb,63270,,,,LAI,1,0,,,,
True,500,108.3mb,63270,,,,Lei Geral de Proteção de Dados Pessoais,9,2833,,,,
True,500,108.3mb,63270,,,,Lei Geral de Proteção de Dados Pessoais,5,2833,,,,
True,500,108.3mb,63270,,,,Lei Geral de Proteção de Dados Pessoais,3,2833,,,,
True,500,108.3mb,63270,,,,Lei Geral de Proteção de Dados Pessoais,2,2833,,,,
True,500,108.3mb,63270,,,,Lei Geral de Proteção de Dados Pessoais,2,2833,,,,
True,500,108.3mb,63270,,,,Lei Geral de Proteção de Dados Pessoais,2,2833,,,,
True,500,108.3mb,63270,,,,Lei Geral de Proteção de Dados Pessoais,3,2833,,,,
True,500,108.3mb,63270,,,,Lei Geral de Proteção de Dados Pessoais,2,2833,,,,
True,500,108.3mb,63270,,,,Lei Geral de Proteção de Dados Pessoais,3,2833,,,,
True,500,108.3mb,63270,,,,Lei Geral de Proteção de Dados Pessoais,2,2833,,,,
True,500,108.3mb,63270,,,,Lei Geral de Proteção de Dados Pessoais,2,2833,,,,
True,500,108.3mb,63270,,,,Lei Geral de Proteção de Dados Pessoais,2,2833,,,,
True,500,108.3mb,63270,,,,Lei Geral de Proteção de Dados Pessoais,2,2833,,,,
True,500,108.3mb,63270,,,,Lei Geral de Proteção de Dados Pessoais,4,2833,,,,
True,500,108.3mb,63270,,,,Lei Geral de Proteção de Dados Pessoais,2,2833,,,,
True,500,108.3mb,63270,,,,Lei Geral de Proteção de Dados Pessoais,4,2833,,,,
True,500,108.3mb,63270,,,,Lei Geral de Proteção de Dados Pessoais,5,2833,,,,
True,500,108.3mb,63270,,,,Lei Geral de Proteção de Dados Pessoais,2,2833,,,,
True,500,108.3mb,63270,,,,Lei Geral de Proteção de Dados Pessoais,2,2833,,,,
True,500,108.3mb,63270,,,,Lei Geral de Proteção de Dados Pessoais,2,2833,,,,
True,500,108.3mb,63270,,,,Lei Geral de Proteção de Dados Pessoais,3,2833,,,,
True,500,108.3mb,63270,,,,Lei Geral de Proteção de Dados Pessoais,4,2833,,,,
True,500,108.3mb,63270,,,,Lei Geral de Proteção de Dados Pessoais,2,2833,,,,
True,500,108.3mb,63270,,,,Lei Geral de Proteção de Dados Pessoais,2,2833,,,,
True,500,108.3mb,63270,,,,Lei Geral de Proteção de Dados Pessoais,2,2833,,,,
True,500,108.3mb,63270,,,,Lei Geral de Proteção de Dados Pessoais,2,2833,,,,
True,500,108.3mb,63270,,,,Lei Geral de Proteção de Dados Pessoais,2,2833,,,,
True,500,108.3mb,63270,,,,Lei Geral de Proteção de Dados Pessoais,2,2833,,,,
True,500,108.3mb,63270,,,,Lei Geral de Proteção de Dados Pessoais,3,2833,,,,
True,500,108.3mb,63270,,,,Lei Geral de Proteção de Dados Pessoais,2,2833,,,,
True,500,108.3mb,63270,,,,Lei Geral de Proteção de Dados Pessoais,3,2833,,,,
True,500,108.3mb,63270,,,,Lei Geral de Proteção de Dados Pessoais,3,2833,,,,
True,500,108.3mb,63270,,,,Lei Geral de Proteção de Dados Pessoais,3,2833,,,,
True,500,108.3mb,63270,,,,Lei Geral de Proteção de Dados Pessoais,4,2833,,,,
True,500,108.3mb,63270,,,,Lei Geral de Proteção de Dados Pessoais,3,2833,,,,
True,500,108.3mb,63270,,,,Lei Geral de Proteção de Dados Pessoais,5,2833,,,,
True,500,108.3mb,63270,,,,Lei Geral de Proteção de Dados Pessoais,3,2833,,,,
True,500,108.3mb,63270,,,,Lei Geral de Proteção de Dados Pessoais,3,2833,,,,
True,500,108.3mb,63270,,,,Lei Geral de Proteção de Dados Pessoais,4,2833,,,,
True,500,108.3mb,63270,,,,Lei Geral de Proteção de Dados Pessoais,3,2833,,,,
True,500,108.3mb,63270,,,,Lei Geral de Proteção de Dados Pessoais,3,2833,,,,
True,500,108.3mb,63270,,,,Lei Geral de Proteção de Dados Pessoais,5,2833,,,,
True,500,108.3mb,63270,,,,Lei Geral de Proteção de Dados Pessoais,3,2833,,,,
True,500,108.3mb,63270,,,,Lei Geral de Proteção de Dados Pessoais,3,2833,,,,
True,500,108.3mb,63270,,,,Lei Geral de Proteção de Dados Pessoais,2,2833,,,,
True,500,108.3mb,63270,,,,Lei Geral de Proteção de Dados Pessoais,3,2833,,,,
True,500,108.3mb,63270,,,,Lei Geral de Proteção de Dados Pessoais,2,2833,,,,
True,500,108.3mb,63270,,,,Lei Geral de Proteção de Dados Pessoais,2,2833,,,,
True,500,108.3mb,63270,,,,Lei Geral de Proteção de Dados Pessoais,2,2833,,,,
True,500,108.3mb,63270,,,,Lei Geral de Proteção de Dados Pessoais,3,2833,,,,
True,500,108.3mb,63270,,,,Lei Geral de Proteção de Dados Pessoais,6,2833,,,,
True,500,108.3mb,63270,,,,Lei Geral de Proteção de Dados Pessoais,3,2833,,,,
True,500,108.3mb,63270,,,,Lei Geral de Proteção de Dados Pessoais,2,2833,,,,
True,500,108.3mb,63270,,,,Lei Geral de Proteção de Dados Pessoais,2,2833,,,,
True,500,108.3mb,63270,,,,Lei Geral de Proteção de Dados Pessoais,2,2833,,,,
True,500,108.3mb,63270,,,,Lei Geral de Proteção de Dados Pessoais,6,2833,,,,
True,500,108.3mb,63270,,,,Lei Geral de Proteção de Dados Pessoais,3,2833,,,,
True,500,108.3mb,63270,,,,Lei Geral de Proteção de Dados Pessoais,2,2833,,,,
True,500,108.3mb,63270,,,,Lei Geral de Proteção de Dados Pessoais,2,2833,,,,
True,500,108.3mb,63270,,,,Lei Geral de Proteção de Dados Pessoais,2,2833,,,,
True,500,108.3mb,63270,,,,Lei Geral de Proteção de Dados Pessoais,3,2833,,,,
True,500,108.3mb,63270,,,,Lei Geral de Proteção de Dados Pessoais,2,2833,,,,
True,500,108.3mb,63270,,,,Lei Geral de Proteção de Dados Pessoais,2,2833,,,,
True,500,108.3mb,63270,,,,Lei Geral de Proteção de Dados Pessoais,4,2833,,,,
True,500,108.3mb,63270,,,,Lei Geral de Proteção de Dados Pessoais,4,2833,,,,
True,500,108.3mb,63270,,,,Lei Geral de Proteção de Dados Pessoais,2,2833,,,,
True,500,108.3mb,63270,,,,Lei Geral de Proteção de Dados Pessoais,2,2833,,,,
True,500,108.3mb,63270,,,,Lei Geral de Proteção de Dados Pessoais,2,2833,,,,
True,500,108.3mb,63270,,,,Lei Geral de Proteção de Dados Pessoais,2,2833,,,,
True,500,108.3mb,63270,,,,Lei Geral de Proteção de Dados Pessoais,10,2833,,,,
True,500,108.3mb,63270,,,,Lei Geral de Proteção de Dados Pessoais,2,2833,,,,
True,500,108.3mb,63270,,,,Lei Geral de Proteção de Dados Pessoais,2,2833,,,,
True,500,108.3mb,63270,,,,Lei Geral de Proteção de Dados Pessoais,3,2833,,,,
True,500,108.3mb,63270,,,,Lei Geral de Proteção de Dados Pessoais,2,2833,,,,
True,500,108.3mb,63270,,,,Lei Geral de Proteção de Dados Pessoais,3,2833,,,,
True,500,108.3mb,63270,,,,Lei Geral de Proteção de Dados Pessoais,2,2833,,,,
True,500,108.3mb,63270,,,,Lei Geral de Proteção de Dados Pessoais,2,2833,,,,
True,500,108.3mb,63270,,,,Lei Geral de Proteção de Dados Pessoais,3,2833,,,,
True,500,108.3mb,63270,,,,Lei Geral de Proteção de Dados Pessoais,3,2833,,,,
True,500,108.3mb,63270,,,,Lei Geral de Proteção de Dados Pessoais,3,2833,,,,
True,500,108.3mb,63270,,,,Lei Geral de Proteção de Dados Pessoais,4,2833,,,,
True,500,108.3mb,63270,,,,Lei Geral de Proteção de Dados Pessoais,3,2833,,,,
True,500,108.3mb,63270,,,,Lei Geral de Proteção de Dados Pessoais,2,2833,,,,
True,500,108.3mb,63270,,,,Lei Geral de Proteção de Dados Pessoais,2,2833,,,,
True,500,108.3mb,63270,,,,Lei Geral de Proteção de Dados Pessoais,2,2833,,,,
True,500,108.3mb,63270,,,,Lei Geral de Proteção de Dados Pessoais,3,2833,,,,
True,500,108.3mb,63270,,,,Lei Geral de Proteção de Dados Pessoais,3,2833,,,,
True,500,108.3mb,63270,,,,Lei Geral de Proteção de Dados Pessoais,4,2833,,,,
True,500,108.3mb,63270,,,,Lei Geral de Proteção de Dados Pessoais,2,2833,,,,
True,500,108.3mb,63270,,,,Lei Geral de Proteção de Dados Pessoais,2,2833,,,,
True,500,108.3mb,63270,,,,Lei Geral de Proteção de Dados Pessoais,4,2833,,,,
True,500,108.3mb,63270,,,,Lei Geral de Proteção de Dados Pessoais,2,2833,,,,
True,500,108.3mb,63270,,,,Lei Geral de Proteção de Dados Pessoais,2,2833,,,,
True,500,108.3mb,63270,,,,Lei Geral de Proteção de Dados Pessoais,3,2833,,,,
True,500,108.3mb,63270,,,,Lei Geral de Proteção de Dados Pessoais,3,2833,,,,
True,500,108.3mb,63270,,,,Lei Geral de Proteção de Dados Pessoais,3,2833,,,,
True,500,108.3mb,63270,,,,Lei Geral de Proteção de Dados Pessoais,2,2833,,,,
True,500,108.3mb,63270,,,,Lei Geral de Proteção de Dados Pessoais,5,2833,,,,
True,500,108.3mb,63270,,,,Lei Geral de Proteção de Dados Pessoais,3,2833,,,,
True,500,108.3mb,63270,,,,Lei Geral de Proteção de Dados Pessoais,3,2833,,,,
True,500,108.3mb,63270,,,,LGPD,1,0,,,,
True,500,108.3mb,63270,,,,LGPD,1,0,,,,
True,500,108.3mb,63270,,,,LGPD,1,0,,,,
True,500,108.3mb,63270,,,,LGPD,1,0,,,,
True,500,108.3mb,63270,,,,LGPD,1,0,,,,
True,500,108.3mb,63270,,,,LGPD,3,0,,,,
True,500,108.3mb,63270,,,,LGPD,1,0,,,,
True,500,108.3mb,63270,,,,LGPD,1,0,,,,
True,500,108.3mb,63270,,,,LGPD,1,0,,,,
True,500,108.3mb,63270,,,,LGPD,1,0,,,,
True,500,108.3mb,63270,,,,LGPD,1,0,,,,
True,500,108.3mb,63270,,,,LGPD,2,0,,,,
True,500,108.3mb,63270,,,,LGPD,1,0,,,,
True,500,108.3mb,63270,,,,LGPD,1,0,,,,
True,500,108.3mb,63270,,,,LGPD,1,0,,,,
True,500,108.3mb,63270,,,,LGPD,1,0,,,,
True,500,108.3mb,63270,,,,LGPD,1,0,,,,
True,500,108.3mb,63270,,,,LGPD,1,0,,,,
True,500,108.3mb,63270,,,,LGPD,1,0,,,,
True,500,108.3mb,63270,,,,LGPD,1,0,,,,
True,500,108.3mb,63270,,,,LGPD,2,0,,,,
True,500,108.3mb,63270,,,,LGPD,1,0,,,,
True,500,108.3mb,63270,,,,LGPD,1,0,,,,
True,500,108.3mb,63270,,,,LGPD,1,0,,,,
True,500,108.3mb,63270,,,,LGPD,1,0,,,,
True,500,108.3mb,63270,,,,LGPD,1,0,,,,
True,500,108.3mb,63270,,,,LGPD,1,0,,,,
True,500,108.3mb,63270,,,,LGPD,2,0,,,,
True,500,108.3mb,63270,,,,LGPD,1,0,,,,
True,500,108.3mb,63270,,,,LGPD,1,0,,,,
True,500,108.3mb,63270,,,,LGPD,1,0,,,,
True,500,108.3mb,63270,,,,LGPD,1,0,,,,
True,500,108.3mb,63270,,,,LGPD,1,0,,,,
True,500,108.3mb,63270,,,,LGPD,1,0,,,,
True,500,108.3mb,63270,,,,LGPD,1,0,,,,
True,500,108.3mb,63270,,,,LGPD,1,0,,,,
True,500,108.3mb,63270,,,,LGPD,1,0,,,,
True,500,108.3mb,63270,,,,LGPD,1,0,,,,
True,500,108.3mb,63270,,,,LGPD,2,0,,,,
True,500,108.3mb,63270,,,,LGPD,2,0,,,,
True,500,108.3mb,63270,,,,LGPD,1,0,,,,
True,500,108.3mb,63270,,,,LGPD,1,0,,,,
True,500,108.3mb,63270,,,,LGPD,2,0,,,,
True,500,108.3mb,63270,,,,LGPD,1,0,,,,
True,500,108.3mb,63270,,,,LGPD,1,0,,,,
True,500,108.3mb,63270,,,,LGPD,3,0,,,,
True,500,108.3mb,63270,,,,LGPD,2,0,,,,
True,500,108.3mb,63270,,,,LGPD,3,0,,,,
True,500,108.3mb,63270,,,,LGPD,2,0,,,,
True,500,108.3mb,63270,,,,LGPD,3,0,,,,
True,500,108.3mb,63270,,,,LGPD,1,0,,,,
True,500,108.3mb,63270,,,,LGPD,1,0,,,,
True,500,108.3mb,63270,,,,LGPD,1,0,,,,
True,500,108.3mb,63270,,,,LGPD,1,0,,,,
True,500,108.3mb,63270,,,,LGPD,1,0,,,,
True,500,108.3mb,63270,,,,LGPD,2,0,,,,
True,500,108.3mb,63270,,,,LGPD,2,0,,,,
True,500,108.3mb,63270,,,,LGPD,1,0,,,,
True,500,108.3mb,63270,,,,LGPD,2,0,,,,
True,500,108.3mb,63270,,,,LGPD,2,0,,,,
True,500,108.3mb,63270,,,,LGPD,1,0,,,,
True,500,108.3mb,63270,,,,LGPD,2,0,,,,
True,500,108.3mb,63270,,,,LGPD,2,0,,,,
True,500,108.3mb,63270,,,,LGPD,2,0,,,,
True,500,108.3mb,63270,,,,LGPD,1,0,,,,
True,500,108.3mb,63270,,,,LGPD,1,0,,,,
True,500,108.3mb,63270,,,,LGPD,2,0,,,,
True,500,108.3mb,63270,,,,LGPD,2,0,,,,
True,500,108.3mb,63270,,,,LGPD,3,0,,,,
True,500,108.3mb,63270,,,,LGPD,2,0,,,,
True,500,108.3mb,63270,,,,LGPD,2,0,,,,
True,500,108.3mb,63270,,,,LGPD,2,0,,,,
True,500,108.3mb,63270,,,,LGPD,3,0,,,,
True,500,108.3mb,63270,,,,LGPD,2,0,,,,
True,500,108.3mb,63270,,,,LGPD,3,0,,,,
True,500,108.3mb,63270,,,,LGPD,3,0,,,,
True,500,108.3mb,63270,,,,LGPD,2,0,,,,
True,500,108.3mb,63270,,,,LGPD,2,0,,,,
True,500,108.3mb,63270,,,,LGPD,2,0,,,,
True,500,108.3mb,63270,,,,LGPD,2,0,,,,
True,500,108.3mb,63270,,,,LGPD,2,0,,,,
True,500,108.3mb,63270,,,,LGPD,2,0,,,,
True,500,108.3mb,63270,,,,LGPD,2,0,,,,
True,500,108.3mb,63270,,,,LGPD,2,0,,,,
True,500,108.3mb,63270,,,,LGPD,2,0,,,,
True,500,108.3mb,63270,,,,LGPD,2,0,,,,
True,500,108.3mb,63270,,,,LGPD,2,0,,,,
True,500,108.3mb,63270,,,,LGPD,2,0,,,,
True,500,108.3mb,63270,,,,LGPD,2,0,,,,
True,500,108.3mb,63270,,,,LGPD,2,0,,,,
True,500,108.3mb,63270,,,,LGPD,1,0,,,,
True,500,108.3mb,63270,,,,LGPD,3,0,,,,
True,500,108.3mb,63270,,,,LGPD,2,0,,,,
True,500,108.3mb,63270,,,,LGPD,2,0,,,,
True,500,108.3mb,63270,,,,LGPD,2,0,,,,
True,500,108.3mb,63270,,,,LGPD,2,0,,,,
True,500,108.3mb,63270,,,,LGPD,2,0,,,,
True,500,108.3mb,63270,,,,LGPD,2,0,,,,
True,500,108.3mb,63270,,,,LGPD,2,0,,,,
True,500,108.3mb,63270,,,,LGPD,2,0,,,,
True,500,108.3mb,63270,,,,Política Nacional de Resíduos Sólidos,16,234,,,,
True,500,108.3mb,63270,,,,Política Nacional de Resíduos Sólidos,3,234,,,,
True,500,108.3mb,63270,,,,Política Nacional de Resíduos Sólidos,3,234,,,,
True,500,108.3mb,63270,,,,Política Nacional de Resíduos Sólidos,5,234,,,,
True,500,108.3mb,63270,,,,Política Nacional de Resíduos Sólidos,4,234,,,,
True,500,108.3mb,63270,,,,Política Nacional de Resíduos Sólidos,3,234,,,,
True,500,108.3mb,63270,,,,Política Nacional de Resíduos Sólidos,3,234,,,,
True,500,108.3mb,63270,,,,Política Nacional de Resíduos Sólidos,4,234,,,,
True,500,108.3mb,63270,,,,Política Nacional de Resíduos Sólidos,3,234,,,,
True,500,108.3mb,63270,,,,Política Nacional de Resíduos Sólidos,3,234,,,,
True,500,108.3mb,63270,,,,Política Nacional de Resíduos Sólidos,4,234,,,,
True,500,108.3mb,63270,,,,Política Nacional de Resíduos Sólidos,3,234,,,,
True,500,108.3mb,63270,,,,Política Nacional de Resíduos Sólidos,3,234,,,,
True,500,108.3mb,63270,,,,Política Nacional de Resíduos Sólidos,5,234,,,,
True,500,108.3mb,63270,,,,Política Nacional de Resíduos Sólidos,3,234,,,,
True,500,108.3mb,63270,,,,Política Nacional de Resíduos Sólidos,4,234,,,,
True,500,108.3mb,63270,,,,Política Nacional de Resíduos Sólidos,3,234,,,,
True,500,108.3mb,63270,,,,Política Nacional de Resíduos Sólidos,4,234,,,,
True,500,108.3mb,63270,,,,Política Nacional de Resíduos Sólidos,3,234,,,,
True,500,108.3mb,63270,,,,Política Nacional de Resíduos Sólidos,4,234,,,,
True,500,108.3mb,63270,,,,Política Nacional de Resíduos Sólidos,4,234,,,,
True,500,108.3mb,63270,,,,Política Nacional de Resíduos Sólidos,4,234,,,,
True,500,108.3mb,63270,,,,Política Nacional de Resíduos Sólidos,3,234,,,,
True,500,108.3mb,63270,,,,Política Nacional de Resíduos Sólidos,3,234,,,,
True,500,108.3mb,63270,,,,Política Nacional de Resíduos Sólidos,3,234,,,,
True,500,108.3mb,63270,,,,Política Nacional de Resíduos Sólidos,3,234,,,,
True,500,108.3mb,63270,,,,Política Nacional de Resíduos Sólidos,4,234,,,,
True,500,108.3mb,63270,,,,Política Nacional de Resíduos Sólidos,3,234,,,,
True,500,108.3mb,63270,,,,Política Nacional de Resíduos Sólidos,3,234,,,,
True,500,108.3mb,63270,,,,Política Nacional de Resíduos Sólidos,3,234,,,,
True,500,108.3mb,63270,,,,Política Nacional de Resíduos Sólidos,4,234,,,,
True,500,108.3mb,63270,,,,Política Nacional de Resíduos Sólidos,4,234,,,,
True,500,108.3mb,63270,,,,Política Nacional de Resíduos Sólidos,4,234,,,,
True,500,108.3mb,63270,,,,Política Nacional de Resíduos Sólidos,3,234,,,,
True,500,108.3mb,63270,,,,Política Nacional de Resíduos Sólidos,2,234,,,,
True,500,108.3mb,63270,,,,Política Nacional de Resíduos Sólidos,2,234,,,,
True,500,108.3mb,63270,,,,Política Nacional de Resíduos Sólidos,2,234,,,,
True,500,108.3mb,63270,,,,Política Nacional de Resíduos Sólidos,2,234,,,,
True,500,108.3mb,63270,,,,Política Nacional de Resíduos Sólidos,1,234,,,,
True,500,108.3mb,63270,,,,Política Nacional de Resíduos Sólidos,2,234,,,,
True,500,108.3mb,63270,,,,Política Nacional de Resíduos Sólidos,2,234,,,,
True,500,108.3mb,63270,,,,Política Nacional de Resíduos Sólidos,1,234,,,,
True,500,108.3mb,63270,,,,Política Nacional de Resíduos Sólidos,2,234,,,,
True,500,108.3mb,63270,,,,Política Nacional de Resíduos Sólidos,2,234,,,,
True,500,108.3mb,63270,,,,Política Nacional de Resíduos Sólidos,2,234,,,,
True,500,108.3mb,63270,,,,Política Nacional de Resíduos Sólidos,3,234,,,,
True,500,108.3mb,63270,,,,Política Nacional de Resíduos Sólidos,2,234,,,,
True,500,108.3mb,63270,,,,Política Nacional de Resíduos Sólidos,2,234,,,,
True,500,108.3mb,63270,,,,Política Nacional de Resíduos Sólidos,2,234,,,,
True,500,108.3mb,63270,,,,Política Nacional de Resíduos Sólidos,2,234,,,,
True,500,108.3mb,63270,,,,Política Nacional de Resíduos Sólidos,2,234,,,,
True,500,108.3mb,63270,,,,Política Nacional de Resíduos Sólidos,2,234,,,,
True,500,108.3mb,63270,,,,Política Nacional de Resíduos Sólidos,3,234,,,,
True,500,108.3mb,63270,,,,Política Nacional de Resíduos Sólidos,2,234,,,,
True,500,108.3mb,63270,,,,Política Nacional de Resíduos Sólidos,2,234,,,,
True,500,108.3mb,63270,,,,Política Nacional de Resíduos Sólidos,2,234,,,,
True,500,108.3mb,63270,,,,Política Nacional de Resíduos Sólidos,2,234,,,,
True,500,108.3mb,63270,,,,Política Nacional de Resíduos Sólidos,2,234,,,,
True,500,108.3mb,63270,,,,Política Nacional de Resíduos Sólidos,2,234,,,,
True,500,108.3mb,63270,,,,Política Nacional de Resíduos Sólidos,2,234,,,,
True,500,108.3mb,63270,,,,Política Nacional de Resíduos Sólidos,2,234,,,,
True,500,108.3mb,63270,,,,Política Nacional de Resíduos Sólidos,2,234,,,,
True,500,108.3mb,63270,,,,Política Nacional de Resíduos Sólidos,1,234,,,,
True,500,108.3mb,63270,,,,Política Nacional de Resíduos Sólidos,4,234,,,,
True,500,108.3mb,63270,,,,Política Nacional de Resíduos Sólidos,3,234,,,,
True,500,108.3mb,63270,,,,Política Nacional de Resíduos Sólidos,4,234,,,,
True,500,108.3mb,63270,,,,Política Nacional de Resíduos Sólidos,2,234,,,,
True,500,108.3mb,63270,,,,Política Nacional de Resíduos Sólidos,2,234,,,,
True,500,108.3mb,63270,,,,Política Nacional de Resíduos Sólidos,2,234,,,,
True,500,108.3mb,63270,,,,Política Nacional de Resíduos Sólidos,2,234,,,,
True,500,108.3mb,63270,,,,Política Nacional de Resíduos Sólidos,1,234,,,,
True,500,108.3mb,63270,,,,Política Nacional de Resíduos Sólidos,2,234,,,,
True,500,108.3mb,63270,,,,Política Nacional de Resíduos Sólidos,1,234,,,,
True,500,108.3mb,63270,,,,Política Nacional de Resíduos Sólidos,2,234,,,,
True,500,108.3mb,63270,,,,Política Nacional de Resíduos Sólidos,3,234,,,,
True,500,108.3mb,63270,,,,Política Nacional de Resíduos Sólidos,2,234,,,,
True,500,108.3mb,63270,,,,Política Nacional de Resíduos Sólidos,2,234,,,,
True,500,108.3mb,63270,,,,Política Nacional de Resíduos Sólidos,2,234,,,,
True,500,108.3mb,63270,,,,Política Nacional de Resíduos Sólidos,2,234,,,,
True,500,108.3mb,63270,,,,Política Nacional de Resíduos Sólidos,3,234,,,,
True,500,108.3mb,63270,,,,Política Nacional de Resíduos Sólidos,2,234,,,,
True,500,108.3mb,63270,,,,Política Nacional de Resíduos Sólidos,3,234,,,,
True,500,108.3mb,63270,,,,Política Nacional de Resíduos Sólidos,2,234,,,,
True,500,108.3mb,63270,,,,Política Nacional de Resíduos Sólidos,1,234,,,,
True,500,108.3mb,63270,,,,Política Nacional de Resíduos Sólidos,2,234,,,,
True,500,108.3mb,63270,,,,Política Nacional de Resíduos Sólidos,2,234,,,,
True,500,108.3mb,63270,,,,Política Nacional de Resíduos Sólidos,2,234,,,,
True,500,108.3mb,63270,,,,Política Nacional de Resíduos Sólidos,3,234,,,,
True,500,108.3mb,63270,,,,Política Nacional de Resíduos Sólidos,1,234,,,,
True,500,108.3mb,63270,,,,Política Nacional de Resíduos Sólidos,2,234,,,,
True,500,108.3mb,63270,,,,Política Nacional de Resíduos Sólidos,2,234,,,,
True,500,108.3mb,63270,,,,Política Nacional de Resíduos Sólidos,1,234,,,,
True,500,108.3mb,63270,,,,Política Nacional de Resíduos Sólidos,2,234,,,,
True,500,108.3mb,63270,,,,Política Nacional de Resíduos Sólidos,2,234,,,,
True,500,108.3mb,63270,,,,Política Nacional de Resíduos Sólidos,2,234,,,,
True,500,108.3mb,63270,,,,Política Nacional de Resíduos Sólidos,3,234,,,,
True,500,108.3mb,63270,,,,Política Nacional de Resíduos Sólidos,2,234,,,,
True,500,108.3mb,63270,,,,Política Nacional de Resíduos Sólidos,2,234,,,,
True,500,108.3mb,63270,,,,Política Nacional de Resíduos Sólidos,2,234,,,,
True,500,108.3mb,63270,,,,Política Nacional de Resíduos Sólidos,2,234,,,,
True,500,108.3mb,63270,,,,PNRS,1,0,,,,
True,500,108.3mb,63270,,,,PNRS,1,0,,,,
True,500,108.3mb,63270,,,,PNRS,2,0,,,,
True,500,108.3mb,63270,,,,PNRS,1,0,,,,
True,500,108.3mb,63270,,,,PNRS,1,0,,,,
True,500,108.3mb,63270,,,,PNRS,2,0,,,,
True,500,108.3mb,63270,,,,PNRS,1,0,,,,
True,500,108.3mb,63270,,,,PNRS,2,0,,,,
True,500,108.3mb,63270,,,,PNRS,1,0,,,,
True,500,108.3mb,63270,,,,PNRS,1,0,,,,
True,500,108.3mb,63270,,,,PNRS,1,0,,,,
True,500,108.3mb,63270,,,,PNRS,1,0,,,,
True,500,108.3mb,63270,,,,PNRS,1,0,,,,
True,500,108.3mb,63270,,,,PNRS,2,0,,,,
True,500,108.3mb,63270,,,,PNRS,1,0,,,,
True,500,108.3mb,63270,,,,PNRS,1,0,,,,
True,500,108.3mb,63270,,,,PNRS,1,0,,,,
True,500,108.3mb,63270,,,,PNRS,1,0,,,,
True,500,108.3mb,63270,,,,PNRS,1,0,,,,
True,500,108.3mb,63270,,,,PNRS,1,0,,,,
True,500,108.3mb,63270,,,,PNRS,1,0,,,,
True,500,108.3mb,63270,,,,PNRS,1,0,,,,
True,500,108.3mb,63270,,,,PNRS,3,0,,,,
True,500,108.3mb,63270,,,,PNRS,1,0,,,,
True,500,108.3mb,63270,,,,PNRS,1,0,,,,
True,500,108.3mb,63270,,,,PNRS,1,0,,,,
True,500,108.3mb,63270,,,,PNRS,1,0,,,,
True,500,108.3mb,63270,,,,PNRS,1,0,,,,
True,500,108.3mb,63270,,,,PNRS,1,0,,,,
True,500,108.3mb,63270,,,,PNRS,1,0,,,,
True,500,108.3mb,63270,,,,PNRS,1,0,,,,
True,500,108.3mb,63270,,,,PNRS,1,0,,,,
True,500,108.3mb,63270,,,,PNRS,1,0,,,,
True,500,108.3mb,63270,,,,PNRS,1,0,,,,
True,500,108.3mb,63270,,,,PNRS,1,0,,,,
True,500,108.3mb,63270,,,,PNRS,1,0,,,,
True,500,108.3mb,63270,,,,PNRS,1,0,,,,
True,500,108.3mb,63270,,,,PNRS,1,0,,,,
True,500,108.3mb,63270,,,,PNRS,1,0,,,,
True,500,108.3mb,63270,,,,PNRS,1,0,,,,
True,500,108.3mb,63270,,,,PNRS,2,0,,,,
True,500,108.3mb,63270,,,,PNRS,1,0,,,,
True,500,108.3mb,63270,,,,PNRS,1,0,,,,
True,500,108.3mb,63270,,,,PNRS,1,0,,,,
True,500,108.3mb,63270,,,,PNRS,1,0,,,,
True,500,108.3mb,63270,,,,PNRS,1,0,,,,
True,500,108.3mb,63270,,,,PNRS,2,0,,,,
True,500,108.3mb,63270,,,,PNRS,1,0,,,,
True,500,108.3mb,63270,,,,PNRS,1,0,,,,
True,500,108.3mb,63270,,,,PNRS,1,0,,,,
True,500,108.3mb,63270,,,,PNRS,1,0,,,,
True,500,108.3mb,63270,,,,PNRS,2,0,,,,
True,500,108.3mb,63270,,,,PNRS,1,0,,,,
True,500,108.3mb,63270,,,,PNRS,1,0,,,,
True,500,108.3mb,63270,,,,PNRS,1,0,,,,
True,500,108.3mb,63270,,,,PNRS,1,0,,,,
True,500,108.3mb,63270,,,,PNRS,1,0,,,,
True,500,108.3mb,63270,,,,PNRS,1,0,,,,
True,500,108.3mb,63270,,,,PNRS,2,0,,,,
True,500,108.3mb,63270,,,,PNRS,1,0,,,,
True,500,108.3mb,63270,,,,PNRS,1,0,,,,
True,500,108.3mb,63270,,,,PNRS,1,0,,,,
True,500,108.3mb,63270,,,,PNRS,1,0,,,,
True,500,108.3mb,63270,,,,PNRS,1,0,,,,
True,500,108.3mb,63270,,,,PNRS,1,0,,,,
True,500,108.3mb,63270,,,,PNRS,1,0,,,,
True,500,108.3mb,63270,,,,PNRS,1,0,,,,
True,500,108.3mb,63270,,,,PNRS,1,0,,,,
True,500,108.3mb,63270,,,,PNRS,1,0,,,,
True,500,108.3mb,63270,,,,PNRS,2,0,,,,
True,500,108.3mb,63270,,,,PNRS,1,0,,,,
True,500,108.3mb,63270,,,,PNRS,1,0,,,,
True,500,108.3mb,63270,,,,PNRS,1,0,,,,
True,500,108.3mb,63270,,,,PNRS,2,0,,,,
True,500,108.3mb,63270,,,,PNRS,1,0,,,,
True,500,108.3mb,63270,,,,PNRS,1,0,,,,
True,500,108.3mb,63270,,,,PNRS,1,0,,,,
True,500,108.3mb,63270,,,,PNRS,1,0,,,,
True,500,108.3mb,63270,,,,PNRS,1,0,,,,
True,500,108.3mb,63270,,,,PNRS,1,0,,,,
True,500,108.3mb,63270,,,,PNRS,1,0,,,,
True,500,108.3mb,63270,,,,PNRS,1,0,,,,
True,500,108.3mb,63270,,,,PNRS,1,0,,,,
True,500,108.3mb,63270,,,,PNRS,1,0,,,,
True,500,108.3mb,63270,,,,PNRS,1,0,,,,
True,500,108.3mb,63270,,,,PNRS,1,0,,,,
True,500,108.3mb,63270,,,,PNRS,1,0,,,,
True,500,108.3mb,63270,,,,PNRS,1,0,,,,
True,500,108.3mb,63270,,,,PNRS,1,0,,,,
True,500,108.3mb,63270,,,,PNRS,1,0,,,,
True,500,108.3mb,63270,,,,PNRS,1,0,,,,
True,500,108.3mb,63270,,,,PNRS,1,0,,,,
True,500,108.3mb,63270,,,,PNRS,1,0,,,,
True,500,108.3mb,63270,,,,PNRS,1,0,,,,
True,500,108.3mb,63270,,,,PNRS,1,0,,,,
True,500,108.3mb,63270,,,,PNRS,1,0,,,,
True,500,108.3mb,63270,,,,PNRS,1,0,,,,
True,500,108.3mb,63270,,,,PNRS,2,0,,,,
True,500,108.3mb,63270,,,,PNRS,1,0,,,,
True,500,108.3mb,63270,,,,PNRS,1,0,,,,
