IS_SEGMENTED,SEGMENT_SIZE,INDEX_SIZE,DOCUMENT_COUNT,GENERAL_SEARCH_TERM,GENERAL_SEARCH_TIME,GENERAL_SEARCH_DOCS_COUNT,SPECIFIC_SEARCH_TERM,SPECIFIC_SEARCH_TIME,SPECIFIC_SEARCH_DOCS_COUNT,WITH_HIGHLIGHT,HIGHLIGHT_TERM,FRAGMENT_SIZE,HIGHLIGHT_TIME
True,500,236.9mb,163142,prefeitura,528,10000,,,,,,,
True,500,236.9mb,163142,prefeitura,42,10000,,,,,,,
True,500,236.9mb,163142,prefeitura,19,10000,,,,,,,
True,500,236.9mb,163142,prefeitura,25,10000,,,,,,,
True,500,236.9mb,163142,prefeitura,19,10000,,,,,,,
True,500,236.9mb,163142,prefeitura,13,10000,,,,,,,
True,500,236.9mb,163142,prefeitura,13,10000,,,,,,,
True,500,236.9mb,163142,prefeitura,15,10000,,,,,,,
True,500,236.9mb,163142,prefeitura,8,10000,,,,,,,
True,500,236.9mb,163142,prefeitura,11,10000,,,,,,,
True,500,236.9mb,163142,prefeitura,8,10000,,,,,,,
True,500,236.9mb,163142,prefeitura,10,10000,,,,,,,
True,500,236.9mb,163142,prefeitura,8,10000,,,,,,,
True,500,236.9mb,163142,prefeitura,7,10000,,,,,,,
True,500,236.9mb,163142,prefeitura,10,10000,,,,,,,
True,500,236.9mb,163142,prefeitura,8,10000,,,,,,,
True,500,236.9mb,163142,prefeitura,8,10000,,,,,,,
True,500,236.9mb,163142,prefeitura,12,10000,,,,,,,
True,500,236.9mb,163142,prefeitura,10,10000,,,,,,,
True,500,236.9mb,163142,prefeitura,11,10000,,,,,,,
True,500,236.9mb,163142,prefeitura,9,10000,,,,,,,
True,500,236.9mb,163142,prefeitura,10,10000,,,,,,,
True,500,236.9mb,163142,prefeitura,7,10000,,,,,,,
True,500,236.9mb,163142,prefeitura,12,10000,,,,,,,
True,500,236.9mb,163142,prefeitura,9,10000,,,,,,,
True,500,236.9mb,163142,prefeitura,8,10000,,,,,,,
True,500,236.9mb,163142,prefeitura,7,10000,,,,,,,
True,500,236.9mb,163142,prefeitura,7,10000,,,,,,,
True,500,236.9mb,163142,prefeitura,6,10000,,,,,,,
True,500,236.9mb,163142,prefeitura,7,10000,,,,,,,
True,500,236.9mb,163142,prefeitura,6,10000,,,,,,,
True,500,236.9mb,163142,prefeitura,6,10000,,,,,,,
True,500,236.9mb,163142,prefeitura,7,10000,,,,,,,
True,500,236.9mb,163142,prefeitura,6,10000,,,,,,,
True,500,236.9mb,163142,prefeitura,8,10000,,,,,,,
True,500,236.9mb,163142,prefeitura,11,10000,,,,,,,
True,500,236.9mb,163142,prefeitura,8,10000,,,,,,,
True,500,236.9mb,163142,prefeitura,6,10000,,,,,,,
True,500,236.9mb,163142,prefeitura,9,10000,,,,,,,
True,500,236.9mb,163142,prefeitura,10,10000,,,,,,,
True,500,236.9mb,163142,prefeitura,9,10000,,,,,,,
True,500,236.9mb,163142,prefeitura,6,10000,,,,,,,
True,500,236.9mb,163142,prefeitura,6,10000,,,,,,,
True,500,236.9mb,163142,prefeitura,8,10000,,,,,,,
True,500,236.9mb,163142,prefeitura,6,10000,,,,,,,
True,500,236.9mb,163142,prefeitura,7,10000,,,,,,,
True,500,236.9mb,163142,prefeitura,6,10000,,,,,,,
True,500,236.9mb,163142,prefeitura,7,10000,,,,,,,
True,500,236.9mb,163142,prefeitura,6,10000,,,,,,,
True,500,236.9mb,163142,prefeitura,7,10000,,,,,,,
True,500,236.9mb,163142,prefeitura,6,10000,,,,,,,
True,500,236.9mb,163142,prefeitura,6,10000,,,,,,,
True,500,236.9mb,163142,prefeitura,11,10000,,,,,,,
True,500,236.9mb,163142,prefeitura,8,10000,,,,,,,
True,500,236.9mb,163142,prefeitura,7,10000,,,,,,,
True,500,236.9mb,163142,prefeitura,7,10000,,,,,,,
True,500,236.9mb,163142,prefeitura,6,10000,,,,,,,
True,500,236.9mb,163142,prefeitura,8,10000,,,,,,,
True,500,236.9mb,163142,prefeitura,7,10000,,,,,,,
True,500,236.9mb,163142,prefeitura,6,10000,,,,,,,
True,500,236.9mb,163142,prefeitura,7,10000,,,,,,,
True,500,236.9mb,163142,prefeitura,6,10000,,,,,,,
True,500,236.9mb,163142,prefeitura,6,10000,,,,,,,
True,500,236.9mb,163142,prefeitura,6,10000,,,,,,,
True,500,236.9mb,163142,prefeitura,7,10000,,,,,,,
True,500,236.9mb,163142,prefeitura,8,10000,,,,,,,
True,500,236.9mb,163142,prefeitura,5,10000,,,,,,,
True,500,236.9mb,163142,prefeitura,6,10000,,,,,,,
True,500,236.9mb,163142,prefeitura,6,10000,,,,,,,
True,500,236.9mb,163142,prefeitura,6,10000,,,,,,,
True,500,236.9mb,163142,prefeitura,5,10000,,,,,,,
True,500,236.9mb,163142,prefeitura,5,10000,,,,,,,
True,500,236.9mb,163142,prefeitura,6,10000,,,,,,,
True,500,236.9mb,163142,prefeitura,5,10000,,,,,,,
True,500,236.9mb,163142,prefeitura,6,10000,,,,,,,
True,500,236.9mb,163142,prefeitura,7,10000,,,,,,,
True,500,236.9mb,163142,prefeitura,6,10000,,,,,,,
True,500,236.9mb,163142,prefeitura,6,10000,,,,,,,
True,500,236.9mb,163142,prefeitura,7,10000,,,,,,,
True,500,236.9mb,163142,prefeitura,6,10000,,,,,,,
True,500,236.9mb,163142,prefeitura,5,10000,,,,,,,
True,500,236.9mb,163142,prefeitura,6,10000,,,,,,,
True,500,236.9mb,163142,prefeitura,6,10000,,,,,,,
True,500,236.9mb,163142,prefeitura,5,10000,,,,,,,
True,500,236.9mb,163142,prefeitura,5,10000,,,,,,,
True,500,236.9mb,163142,prefeitura,7,10000,,,,,,,
True,500,236.9mb,163142,prefeitura,5,10000,,,,,,,
True,500,236.9mb,163142,prefeitura,6,10000,,,,,,,
True,500,236.9mb,163142,prefeitura,6,10000,,,,,,,
True,500,236.9mb,163142,prefeitura,6,10000,,,,,,,
True,500,236.9mb,163142,prefeitura,6,10000,,,,,,,
True,500,236.9mb,163142,prefeitura,5,10000,,,,,,,
True,500,236.9mb,163142,prefeitura,7,10000,,,,,,,
True,500,236.9mb,163142,prefeitura,5,10000,,,,,,,
True,500,236.9mb,163142,prefeitura,6,10000,,,,,,,
True,500,236.9mb,163142,prefeitura,6,10000,,,,,,,
True,500,236.9mb,163142,prefeitura,6,10000,,,,,,,
True,500,236.9mb,163142,prefeitura,6,10000,,,,,,,
True,500,236.9mb,163142,prefeitura,6,10000,,,,,,,
True,500,236.9mb,163142,prefeitura,6,10000,,,,,,,
True,500,236.9mb,163142,diário,33,10000,,,,,,,
True,500,236.9mb,163142,diário,5,10000,,,,,,,
True,500,236.9mb,163142,diário,6,10000,,,,,,,
True,500,236.9mb,163142,diário,6,10000,,,,,,,
True,500,236.9mb,163142,diário,7,10000,,,,,,,
True,500,236.9mb,163142,diário,6,10000,,,,,,,
True,500,236.9mb,163142,diário,5,10000,,,,,,,
True,500,236.9mb,163142,diário,5,10000,,,,,,,
True,500,236.9mb,163142,diário,5,10000,,,,,,,
True,500,236.9mb,163142,diário,5,10000,,,,,,,
True,500,236.9mb,163142,diário,6,10000,,,,,,,
True,500,236.9mb,163142,diário,5,10000,,,,,,,
True,500,236.9mb,163142,diário,5,10000,,,,,,,
True,500,236.9mb,163142,diário,5,10000,,,,,,,
True,500,236.9mb,163142,diário,6,10000,,,,,,,
True,500,236.9mb,163142,diário,6,10000,,,,,,,
True,500,236.9mb,163142,diário,5,10000,,,,,,,
True,500,236.9mb,163142,diário,7,10000,,,,,,,
True,500,236.9mb,163142,diário,6,10000,,,,,,,
True,500,236.9mb,163142,diário,6,10000,,,,,,,
True,500,236.9mb,163142,diário,6,10000,,,,,,,
True,500,236.9mb,163142,diário,8,10000,,,,,,,
True,500,236.9mb,163142,diário,6,10000,,,,,,,
True,500,236.9mb,163142,diário,7,10000,,,,,,,
True,500,236.9mb,163142,diário,6,10000,,,,,,,
True,500,236.9mb,163142,diário,7,10000,,,,,,,
True,500,236.9mb,163142,diário,9,10000,,,,,,,
True,500,236.9mb,163142,diário,7,10000,,,,,,,
True,500,236.9mb,163142,diário,8,10000,,,,,,,
True,500,236.9mb,163142,diário,7,10000,,,,,,,
True,500,236.9mb,163142,diário,6,10000,,,,,,,
True,500,236.9mb,163142,diário,10,10000,,,,,,,
True,500,236.9mb,163142,diário,8,10000,,,,,,,
True,500,236.9mb,163142,diário,6,10000,,,,,,,
True,500,236.9mb,163142,diário,6,10000,,,,,,,
True,500,236.9mb,163142,diário,8,10000,,,,,,,
True,500,236.9mb,163142,diário,5,10000,,,,,,,
True,500,236.9mb,163142,diário,9,10000,,,,,,,
True,500,236.9mb,163142,diário,8,10000,,,,,,,
True,500,236.9mb,163142,diário,6,10000,,,,,,,
True,500,236.9mb,163142,diário,8,10000,,,,,,,
True,500,236.9mb,163142,diário,6,10000,,,,,,,
True,500,236.9mb,163142,diário,6,10000,,,,,,,
True,500,236.9mb,163142,diário,8,10000,,,,,,,
True,500,236.9mb,163142,diário,6,10000,,,,,,,
True,500,236.9mb,163142,diário,7,10000,,,,,,,
True,500,236.9mb,163142,diário,5,10000,,,,,,,
True,500,236.9mb,163142,diário,6,10000,,,,,,,
True,500,236.9mb,163142,diário,5,10000,,,,,,,
True,500,236.9mb,163142,diário,8,10000,,,,,,,
True,500,236.9mb,163142,diário,7,10000,,,,,,,
True,500,236.9mb,163142,diário,6,10000,,,,,,,
True,500,236.9mb,163142,diário,6,10000,,,,,,,
True,500,236.9mb,163142,diário,6,10000,,,,,,,
True,500,236.9mb,163142,diário,7,10000,,,,,,,
True,500,236.9mb,163142,diário,6,10000,,,,,,,
True,500,236.9mb,163142,diário,7,10000,,,,,,,
True,500,236.9mb,163142,diário,6,10000,,,,,,,
True,500,236.9mb,163142,diário,6,10000,,,,,,,
True,500,236.9mb,163142,diário,8,10000,,,,,,,
True,500,236.9mb,163142,diário,5,10000,,,,,,,
True,500,236.9mb,163142,diário,5,10000,,,,,,,
True,500,236.9mb,163142,diário,5,10000,,,,,,,
True,500,236.9mb,163142,diário,7,10000,,,,,,,
True,500,236.9mb,163142,diário,6,10000,,,,,,,
True,500,236.9mb,163142,diário,8,10000,,,,,,,
True,500,236.9mb,163142,diário,7,10000,,,,,,,
True,500,236.9mb,163142,diário,7,10000,,,,,,,
True,500,236.9mb,163142,diário,7,10000,,,,,,,
True,500,236.9mb,163142,diário,5,10000,,,,,,,
True,500,236.9mb,163142,diário,7,10000,,,,,,,
True,500,236.9mb,163142,diário,7,10000,,,,,,,
True,500,236.9mb,163142,diário,10,10000,,,,,,,
True,500,236.9mb,163142,diário,7,10000,,,,,,,
True,500,236.9mb,163142,diário,6,10000,,,,,,,
True,500,236.9mb,163142,diário,7,10000,,,,,,,
True,500,236.9mb,163142,diário,6,10000,,,,,,,
True,500,236.9mb,163142,diário,6,10000,,,,,,,
True,500,236.9mb,163142,diário,7,10000,,,,,,,
True,500,236.9mb,163142,diário,8,10000,,,,,,,
True,500,236.9mb,163142,diário,7,10000,,,,,,,
True,500,236.9mb,163142,diário,7,10000,,,,,,,
True,500,236.9mb,163142,diário,6,10000,,,,,,,
True,500,236.9mb,163142,diário,7,10000,,,,,,,
True,500,236.9mb,163142,diário,7,10000,,,,,,,
True,500,236.9mb,163142,diário,8,10000,,,,,,,
True,500,236.9mb,163142,diário,5,10000,,,,,,,
True,500,236.9mb,163142,diário,6,10000,,,,,,,
True,500,236.9mb,163142,diário,5,10000,,,,,,,
True,500,236.9mb,163142,diário,7,10000,,,,,,,
True,500,236.9mb,163142,diário,5,10000,,,,,,,
True,500,236.9mb,163142,diário,8,10000,,,,,,,
True,500,236.9mb,163142,diário,6,10000,,,,,,,
True,500,236.9mb,163142,diário,7,10000,,,,,,,
True,500,236.9mb,163142,diário,4,10000,,,,,,,
True,500,236.9mb,163142,diário,5,10000,,,,,,,
True,500,236.9mb,163142,diário,5,10000,,,,,,,
True,500,236.9mb,163142,diário,4,10000,,,,,,,
True,500,236.9mb,163142,diário,8,10000,,,,,,,
True,500,236.9mb,163142,diário,4,10000,,,,,,,
True,500,236.9mb,163142,lei,33,10000,,,,,,,
True,500,236.9mb,163142,lei,5,10000,,,,,,,
True,500,236.9mb,163142,lei,8,10000,,,,,,,
True,500,236.9mb,163142,lei,6,10000,,,,,,,
True,500,236.9mb,163142,lei,5,10000,,,,,,,
True,500,236.9mb,163142,lei,5,10000,,,,,,,
True,500,236.9mb,163142,lei,6,10000,,,,,,,
True,500,236.9mb,163142,lei,6,10000,,,,,,,
True,500,236.9mb,163142,lei,6,10000,,,,,,,
True,500,236.9mb,163142,lei,5,10000,,,,,,,
True,500,236.9mb,163142,lei,7,10000,,,,,,,
True,500,236.9mb,163142,lei,5,10000,,,,,,,
True,500,236.9mb,163142,lei,6,10000,,,,,,,
True,500,236.9mb,163142,lei,5,10000,,,,,,,
True,500,236.9mb,163142,lei,6,10000,,,,,,,
True,500,236.9mb,163142,lei,5,10000,,,,,,,
True,500,236.9mb,163142,lei,6,10000,,,,,,,
True,500,236.9mb,163142,lei,4,10000,,,,,,,
True,500,236.9mb,163142,lei,7,10000,,,,,,,
True,500,236.9mb,163142,lei,5,10000,,,,,,,
True,500,236.9mb,163142,lei,5,10000,,,,,,,
True,500,236.9mb,163142,lei,7,10000,,,,,,,
True,500,236.9mb,163142,lei,7,10000,,,,,,,
True,500,236.9mb,163142,lei,5,10000,,,,,,,
True,500,236.9mb,163142,lei,6,10000,,,,,,,
True,500,236.9mb,163142,lei,6,10000,,,,,,,
True,500,236.9mb,163142,lei,7,10000,,,,,,,
True,500,236.9mb,163142,lei,6,10000,,,,,,,
True,500,236.9mb,163142,lei,5,10000,,,,,,,
True,500,236.9mb,163142,lei,5,10000,,,,,,,
True,500,236.9mb,163142,lei,5,10000,,,,,,,
True,500,236.9mb,163142,lei,5,10000,,,,,,,
True,500,236.9mb,163142,lei,5,10000,,,,,,,
True,500,236.9mb,163142,lei,4,10000,,,,,,,
True,500,236.9mb,163142,lei,5,10000,,,,,,,
True,500,236.9mb,163142,lei,4,10000,,,,,,,
True,500,236.9mb,163142,lei,5,10000,,,,,,,
True,500,236.9mb,163142,lei,4,10000,,,,,,,
True,500,236.9mb,163142,lei,6,10000,,,,,,,
True,500,236.9mb,163142,lei,5,10000,,,,,,,
True,500,236.9mb,163142,lei,5,10000,,,,,,,
True,500,236.9mb,163142,lei,4,10000,,,,,,,
True,500,236.9mb,163142,lei,7,10000,,,,,,,
True,500,236.9mb,163142,lei,5,10000,,,,,,,
True,500,236.9mb,163142,lei,8,10000,,,,,,,
True,500,236.9mb,163142,lei,5,10000,,,,,,,
True,500,236.9mb,163142,lei,5,10000,,,,,,,
True,500,236.9mb,163142,lei,7,10000,,,,,,,
True,500,236.9mb,163142,lei,5,10000,,,,,,,
True,500,236.9mb,163142,lei,8,10000,,,,,,,
True,500,236.9mb,163142,lei,6,10000,,,,,,,
True,500,236.9mb,163142,lei,5,10000,,,,,,,
True,500,236.9mb,163142,lei,6,10000,,,,,,,
True,500,236.9mb,163142,lei,6,10000,,,,,,,
True,500,236.9mb,163142,lei,4,10000,,,,,,,
True,500,236.9mb,163142,lei,6,10000,,,,,,,
True,500,236.9mb,163142,lei,4,10000,,,,,,,
True,500,236.9mb,163142,lei,5,10000,,,,,,,
True,500,236.9mb,163142,lei,5,10000,,,,,,,
True,500,236.9mb,163142,lei,4,10000,,,,,,,
True,500,236.9mb,163142,lei,6,10000,,,,,,,
True,500,236.9mb,163142,lei,4,10000,,,,,,,
True,500,236.9mb,163142,lei,5,10000,,,,,,,
True,500,236.9mb,163142,lei,5,10000,,,,,,,
True,500,236.9mb,163142,lei,5,10000,,,,,,,
True,500,236.9mb,163142,lei,5,10000,,,,,,,
True,500,236.9mb,163142,lei,5,10000,,,,,,,
True,500,236.9mb,163142,lei,4,10000,,,,,,,
True,500,236.9mb,163142,lei,5,10000,,,,,,,
True,500,236.9mb,163142,lei,7,10000,,,,,,,
True,500,236.9mb,163142,lei,5,10000,,,,,,,
True,500,236.9mb,163142,lei,7,10000,,,,,,,
True,500,236.9mb,163142,lei,6,10000,,,,,,,
True,500,236.9mb,163142,lei,6,10000,,,,,,,
True,500,236.9mb,163142,lei,4,10000,,,,,,,
True,500,236.9mb,163142,lei,6,10000,,,,,,,
True,500,236.9mb,163142,lei,5,10000,,,,,,,
True,500,236.9mb,163142,lei,6,10000,,,,,,,
True,500,236.9mb,163142,lei,4,10000,,,,,,,
True,500,236.9mb,163142,lei,4,10000,,,,,,,
True,500,236.9mb,163142,lei,5,10000,,,,,,,
True,500,236.9mb,163142,lei,4,10000,,,,,,,
True,500,236.9mb,163142,lei,4,10000,,,,,,,
True,500,236.9mb,163142,lei,5,10000,,,,,,,
True,500,236.9mb,163142,lei,5,10000,,,,,,,
True,500,236.9mb,163142,lei,5,10000,,,,,,,
True,500,236.9mb,163142,lei,6,10000,,,,,,,
True,500,236.9mb,163142,lei,4,10000,,,,,,,
True,500,236.9mb,163142,lei,5,10000,,,,,,,
True,500,236.9mb,163142,lei,5,10000,,,,,,,
True,500,236.9mb,163142,lei,4,10000,,,,,,,
True,500,236.9mb,163142,lei,5,10000,,,,,,,
True,500,236.9mb,163142,lei,5,10000,,,,,,,
True,500,236.9mb,163142,lei,5,10000,,,,,,,
True,500,236.9mb,163142,lei,5,10000,,,,,,,
True,500,236.9mb,163142,lei,6,10000,,,,,,,
True,500,236.9mb,163142,lei,4,10000,,,,,,,
True,500,236.9mb,163142,lei,5,10000,,,,,,,
True,500,236.9mb,163142,lei,6,10000,,,,,,,
True,500,236.9mb,163142,lei,4,10000,,,,,,,
True,500,236.9mb,163142,termo,32,10000,,,,,,,
True,500,236.9mb,163142,termo,7,10000,,,,,,,
True,500,236.9mb,163142,termo,4,10000,,,,,,,
True,500,236.9mb,163142,termo,5,10000,,,,,,,
True,500,236.9mb,163142,termo,6,10000,,,,,,,
True,500,236.9mb,163142,termo,5,10000,,,,,,,
True,500,236.9mb,163142,termo,5,10000,,,,,,,
True,500,236.9mb,163142,termo,5,10000,,,,,,,
True,500,236.9mb,163142,termo,4,10000,,,,,,,
True,500,236.9mb,163142,termo,6,10000,,,,,,,
True,500,236.9mb,163142,termo,5,10000,,,,,,,
True,500,236.9mb,163142,termo,6,10000,,,,,,,
True,500,236.9mb,163142,termo,5,10000,,,,,,,
True,500,236.9mb,163142,termo,5,10000,,,,,,,
True,500,236.9mb,163142,termo,5,10000,,,,,,,
True,500,236.9mb,163142,termo,5,10000,,,,,,,
True,500,236.9mb,163142,termo,5,10000,,,,,,,
True,500,236.9mb,163142,termo,5,10000,,,,,,,
True,500,236.9mb,163142,termo,5,10000,,,,,,,
True,500,236.9mb,163142,termo,5,10000,,,,,,,
True,500,236.9mb,163142,termo,5,10000,,,,,,,
True,500,236.9mb,163142,termo,7,10000,,,,,,,
True,500,236.9mb,163142,termo,6,10000,,,,,,,
True,500,236.9mb,163142,termo,5,10000,,,,,,,
True,500,236.9mb,163142,termo,7,10000,,,,,,,
True,500,236.9mb,163142,termo,4,10000,,,,,,,
True,500,236.9mb,163142,termo,6,10000,,,,,,,
True,500,236.9mb,163142,termo,4,10000,,,,,,,
True,500,236.9mb,163142,termo,5,10000,,,,,,,
True,500,236.9mb,163142,termo,6,10000,,,,,,,
True,500,236.9mb,163142,termo,4,10000,,,,,,,
True,500,236.9mb,163142,termo,4,10000,,,,,,,
True,500,236.9mb,163142,termo,6,10000,,,,,,,
True,500,236.9mb,163142,termo,4,10000,,,,,,,
True,500,236.9mb,163142,termo,5,10000,,,,,,,
True,500,236.9mb,163142,termo,5,10000,,,,,,,
True,500,236.9mb,163142,termo,5,10000,,,,,,,
True,500,236.9mb,163142,termo,4,10000,,,,,,,
True,500,236.9mb,163142,termo,7,10000,,,,,,,
True,500,236.9mb,163142,termo,5,10000,,,,,,,
True,500,236.9mb,163142,termo,7,10000,,,,,,,
True,500,236.9mb,163142,termo,5,10000,,,,,,,
True,500,236.9mb,163142,termo,6,10000,,,,,,,
True,500,236.9mb,163142,termo,4,10000,,,,,,,
True,500,236.9mb,163142,termo,4,10000,,,,,,,
True,500,236.9mb,163142,termo,7,10000,,,,,,,
True,500,236.9mb,163142,termo,5,10000,,,,,,,
True,500,236.9mb,163142,termo,5,10000,,,,,,,
True,500,236.9mb,163142,termo,6,10000,,,,,,,
True,500,236.9mb,163142,termo,4,10000,,,,,,,
True,500,236.9mb,163142,termo,4,10000,,,,,,,
True,500,236.9mb,163142,termo,6,10000,,,,,,,
True,500,236.9mb,163142,termo,5,10000,,,,,,,
True,500,236.9mb,163142,termo,4,10000,,,,,,,
True,500,236.9mb,163142,termo,6,10000,,,,,,,
True,500,236.9mb,163142,termo,5,10000,,,,,,,
True,500,236.9mb,163142,termo,5,10000,,,,,,,
True,500,236.9mb,163142,termo,5,10000,,,,,,,
True,500,236.9mb,163142,termo,4,10000,,,,,,,
True,500,236.9mb,163142,termo,6,10000,,,,,,,
True,500,236.9mb,163142,termo,4,10000,,,,,,,
True,500,236.9mb,163142,termo,4,10000,,,,,,,
True,500,236.9mb,163142,termo,5,10000,,,,,,,
True,500,236.9mb,163142,termo,5,10000,,,,,,,
True,500,236.9mb,163142,termo,6,10000,,,,,,,
True,500,236.9mb,163142,termo,4,10000,,,,,,,
True,500,236.9mb,163142,termo,5,10000,,,,,,,
True,500,236.9mb,163142,termo,7,10000,,,,,,,
True,500,236.9mb,163142,termo,4,10000,,,,,,,
True,500,236.9mb,163142,termo,7,10000,,,,,,,
True,500,236.9mb,163142,termo,4,10000,,,,,,,
True,500,236.9mb,163142,termo,5,10000,,,,,,,
True,500,236.9mb,163142,termo,16,10000,,,,,,,
True,500,236.9mb,163142,termo,4,10000,,,,,,,
True,500,236.9mb,163142,termo,5,10000,,,,,,,
True,500,236.9mb,163142,termo,6,10000,,,,,,,
True,500,236.9mb,163142,termo,7,10000,,,,,,,
True,500,236.9mb,163142,termo,7,10000,,,,,,,
True,500,236.9mb,163142,termo,6,10000,,,,,,,
True,500,236.9mb,163142,termo,7,10000,,,,,,,
True,500,236.9mb,163142,termo,5,10000,,,,,,,
True,500,236.9mb,163142,termo,5,10000,,,,,,,
True,500,236.9mb,163142,termo,7,10000,,,,,,,
True,500,236.9mb,163142,termo,7,10000,,,,,,,
True,500,236.9mb,163142,termo,6,10000,,,,,,,
True,500,236.9mb,163142,termo,4,10000,,,,,,,
True,500,236.9mb,163142,termo,4,10000,,,,,,,
True,500,236.9mb,163142,termo,6,10000,,,,,,,
True,500,236.9mb,163142,termo,4,10000,,,,,,,
True,500,236.9mb,163142,termo,4,10000,,,,,,,
True,500,236.9mb,163142,termo,7,10000,,,,,,,
True,500,236.9mb,163142,termo,5,10000,,,,,,,
True,500,236.9mb,163142,termo,4,10000,,,,,,,
True,500,236.9mb,163142,termo,6,10000,,,,,,,
True,500,236.9mb,163142,termo,5,10000,,,,,,,
True,500,236.9mb,163142,termo,5,10000,,,,,,,
True,500,236.9mb,163142,termo,6,10000,,,,,,,
True,500,236.9mb,163142,termo,5,10000,,,,,,,
True,500,236.9mb,163142,termo,4,10000,,,,,,,
True,500,236.9mb,163142,termo,6,10000,,,,,,,
True,500,236.9mb,163142,decreto,18,10000,,,,,,,
True,500,236.9mb,163142,decreto,4,10000,,,,,,,
True,500,236.9mb,163142,decreto,5,10000,,,,,,,
True,500,236.9mb,163142,decreto,5,10000,,,,,,,
True,500,236.9mb,163142,decreto,4,10000,,,,,,,
True,500,236.9mb,163142,decreto,6,10000,,,,,,,
True,500,236.9mb,163142,decreto,5,10000,,,,,,,
True,500,236.9mb,163142,decreto,7,10000,,,,,,,
True,500,236.9mb,163142,decreto,6,10000,,,,,,,
True,500,236.9mb,163142,decreto,5,10000,,,,,,,
True,500,236.9mb,163142,decreto,6,10000,,,,,,,
True,500,236.9mb,163142,decreto,5,10000,,,,,,,
True,500,236.9mb,163142,decreto,4,10000,,,,,,,
True,500,236.9mb,163142,decreto,6,10000,,,,,,,
True,500,236.9mb,163142,decreto,4,10000,,,,,,,
True,500,236.9mb,163142,decreto,4,10000,,,,,,,
True,500,236.9mb,163142,decreto,6,10000,,,,,,,
True,500,236.9mb,163142,decreto,6,10000,,,,,,,
True,500,236.9mb,163142,decreto,4,10000,,,,,,,
True,500,236.9mb,163142,decreto,7,10000,,,,,,,
True,500,236.9mb,163142,decreto,5,10000,,,,,,,
True,500,236.9mb,163142,decreto,6,10000,,,,,,,
True,500,236.9mb,163142,decreto,6,10000,,,,,,,
True,500,236.9mb,163142,decreto,6,10000,,,,,,,
True,500,236.9mb,163142,decreto,14,10000,,,,,,,
True,500,236.9mb,163142,decreto,5,10000,,,,,,,
True,500,236.9mb,163142,decreto,4,10000,,,,,,,
True,500,236.9mb,163142,decreto,5,10000,,,,,,,
True,500,236.9mb,163142,decreto,7,10000,,,,,,,
True,500,236.9mb,163142,decreto,4,10000,,,,,,,
True,500,236.9mb,163142,decreto,5,10000,,,,,,,
True,500,236.9mb,163142,decreto,6,10000,,,,,,,
True,500,236.9mb,163142,decreto,5,10000,,,,,,,
True,500,236.9mb,163142,decreto,6,10000,,,,,,,
True,500,236.9mb,163142,decreto,4,10000,,,,,,,
True,500,236.9mb,163142,decreto,4,10000,,,,,,,
True,500,236.9mb,163142,decreto,5,10000,,,,,,,
True,500,236.9mb,163142,decreto,6,10000,,,,,,,
True,500,236.9mb,163142,decreto,4,10000,,,,,,,
True,500,236.9mb,163142,decreto,4,10000,,,,,,,
True,500,236.9mb,163142,decreto,6,10000,,,,,,,
True,500,236.9mb,163142,decreto,4,10000,,,,,,,
True,500,236.9mb,163142,decreto,5,10000,,,,,,,
True,500,236.9mb,163142,decreto,7,10000,,,,,,,
True,500,236.9mb,163142,decreto,5,10000,,,,,,,
True,500,236.9mb,163142,decreto,6,10000,,,,,,,
True,500,236.9mb,163142,decreto,4,10000,,,,,,,
True,500,236.9mb,163142,decreto,6,10000,,,,,,,
True,500,236.9mb,163142,decreto,5,10000,,,,,,,
True,500,236.9mb,163142,decreto,4,10000,,,,,,,
True,500,236.9mb,163142,decreto,6,10000,,,,,,,
True,500,236.9mb,163142,decreto,4,10000,,,,,,,
True,500,236.9mb,163142,decreto,4,10000,,,,,,,
True,500,236.9mb,163142,decreto,7,10000,,,,,,,
True,500,236.9mb,163142,decreto,5,10000,,,,,,,
True,500,236.9mb,163142,decreto,6,10000,,,,,,,
True,500,236.9mb,163142,decreto,4,10000,,,,,,,
True,500,236.9mb,163142,decreto,4,10000,,,,,,,
True,500,236.9mb,163142,decreto,6,10000,,,,,,,
True,500,236.9mb,163142,decreto,4,10000,,,,,,,
True,500,236.9mb,163142,decreto,5,10000,,,,,,,
True,500,236.9mb,163142,decreto,5,10000,,,,,,,
True,500,236.9mb,163142,decreto,6,10000,,,,,,,
True,500,236.9mb,163142,decreto,4,10000,,,,,,,
True,500,236.9mb,163142,decreto,4,10000,,,,,,,
True,500,236.9mb,163142,decreto,6,10000,,,,,,,
True,500,236.9mb,163142,decreto,4,10000,,,,,,,
True,500,236.9mb,163142,decreto,5,10000,,,,,,,
True,500,236.9mb,163142,decreto,6,10000,,,,,,,
True,500,236.9mb,163142,decreto,7,10000,,,,,,,
True,500,236.9mb,163142,decreto,7,10000,,,,,,,
True,500,236.9mb,163142,decreto,4,10000,,,,,,,
True,500,236.9mb,163142,decreto,4,10000,,,,,,,
True,500,236.9mb,163142,decreto,6,10000,,,,,,,
True,500,236.9mb,163142,decreto,4,10000,,,,,,,
True,500,236.9mb,163142,decreto,6,10000,,,,,,,
True,500,236.9mb,163142,decreto,5,10000,,,,,,,
True,500,236.9mb,163142,decreto,4,10000,,,,,,,
True,500,236.9mb,163142,decreto,6,10000,,,,,,,
True,500,236.9mb,163142,decreto,4,10000,,,,,,,
True,500,236.9mb,163142,decreto,6,10000,,,,,,,
True,500,236.9mb,163142,decreto,6,10000,,,,,,,
True,500,236.9mb,163142,decreto,7,10000,,,,,,,
True,500,236.9mb,163142,decreto,5,10000,,,,,,,
True,500,236.9mb,163142,decreto,6,10000,,,,,,,
True,500,236.9mb,163142,decreto,4,10000,,,,,,,
True,500,236.9mb,163142,decreto,4,10000,,,,,,,
True,500,236.9mb,163142,decreto,6,10000,,,,,,,
True,500,236.9mb,163142,decreto,4,10000,,,,,,,
True,500,236.9mb,163142,decreto,4,10000,,,,,,,
True,500,236.9mb,163142,decreto,5,10000,,,,,,,
True,500,236.9mb,163142,decreto,4,10000,,,,,,,
True,500,236.9mb,163142,decreto,4,10000,,,,,,,
True,500,236.9mb,163142,decreto,6,10000,,,,,,,
True,500,236.9mb,163142,decreto,4,10000,,,,,,,
True,500,236.9mb,163142,decreto,8,10000,,,,,,,
True,500,236.9mb,163142,decreto,6,10000,,,,,,,
True,500,236.9mb,163142,decreto,5,10000,,,,,,,
True,500,236.9mb,163142,decreto,4,10000,,,,,,,
True,500,236.9mb,163142,decreto,5,10000,,,,,,,
True,500,236.9mb,163142,,,,,,,True,prefeitura,500,301
True,500,236.9mb,163142,,,,,,,True,prefeitura,500,17
True,500,236.9mb,163142,,,,,,,True,prefeitura,500,16
True,500,236.9mb,163142,,,,,,,True,prefeitura,500,18
True,500,236.9mb,163142,,,,,,,True,prefeitura,500,19
True,500,236.9mb,163142,,,,,,,True,prefeitura,500,19
True,500,236.9mb,163142,,,,,,,True,prefeitura,500,20
True,500,236.9mb,163142,,,,,,,True,prefeitura,500,17
True,500,236.9mb,163142,,,,,,,True,prefeitura,500,16
True,500,236.9mb,163142,,,,,,,True,prefeitura,500,14
True,500,236.9mb,163142,,,,,,,True,prefeitura,500,14
True,500,236.9mb,163142,,,,,,,True,prefeitura,500,13
True,500,236.9mb,163142,,,,,,,True,prefeitura,500,15
True,500,236.9mb,163142,,,,,,,True,prefeitura,500,13
True,500,236.9mb,163142,,,,,,,True,prefeitura,500,13
True,500,236.9mb,163142,,,,,,,True,prefeitura,500,13
True,500,236.9mb,163142,,,,,,,True,prefeitura,500,13
True,500,236.9mb,163142,,,,,,,True,prefeitura,500,13
True,500,236.9mb,163142,,,,,,,True,prefeitura,500,12
True,500,236.9mb,163142,,,,,,,True,prefeitura,500,15
True,500,236.9mb,163142,,,,,,,True,prefeitura,500,12
True,500,236.9mb,163142,,,,,,,True,prefeitura,500,12
True,500,236.9mb,163142,,,,,,,True,prefeitura,500,12
True,500,236.9mb,163142,,,,,,,True,prefeitura,500,12
True,500,236.9mb,163142,,,,,,,True,prefeitura,500,12
True,500,236.9mb,163142,,,,,,,True,prefeitura,500,16
True,500,236.9mb,163142,,,,,,,True,prefeitura,500,35
True,500,236.9mb,163142,,,,,,,True,prefeitura,500,16
True,500,236.9mb,163142,,,,,,,True,prefeitura,500,11
True,500,236.9mb,163142,,,,,,,True,prefeitura,500,16
True,500,236.9mb,163142,,,,,,,True,prefeitura,500,12
True,500,236.9mb,163142,,,,,,,True,prefeitura,500,11
True,500,236.9mb,163142,,,,,,,True,prefeitura,500,12
True,500,236.9mb,163142,,,,,,,True,prefeitura,500,12
True,500,236.9mb,163142,,,,,,,True,prefeitura,500,13
True,500,236.9mb,163142,,,,,,,True,prefeitura,500,12
True,500,236.9mb,163142,,,,,,,True,prefeitura,500,14
True,500,236.9mb,163142,,,,,,,True,prefeitura,500,13
True,500,236.9mb,163142,,,,,,,True,prefeitura,500,11
True,500,236.9mb,163142,,,,,,,True,prefeitura,500,10
True,500,236.9mb,163142,,,,,,,True,prefeitura,500,11
True,500,236.9mb,163142,,,,,,,True,prefeitura,500,13
True,500,236.9mb,163142,,,,,,,True,prefeitura,500,16
True,500,236.9mb,163142,,,,,,,True,prefeitura,500,13
True,500,236.9mb,163142,,,,,,,True,prefeitura,500,14
True,500,236.9mb,163142,,,,,,,True,prefeitura,500,17
True,500,236.9mb,163142,,,,,,,True,prefeitura,500,22
True,500,236.9mb,163142,,,,,,,True,prefeitura,500,16
True,500,236.9mb,163142,,,,,,,True,prefeitura,500,16
True,500,236.9mb,163142,,,,,,,True,prefeitura,500,17
True,500,236.9mb,163142,,,,,,,True,prefeitura,500,16
True,500,236.9mb,163142,,,,,,,True,prefeitura,500,16
True,500,236.9mb,163142,,,,,,,True,prefeitura,500,14
True,500,236.9mb,163142,,,,,,,True,prefeitura,500,14
True,500,236.9mb,163142,,,,,,,True,prefeitura,500,14
True,500,236.9mb,163142,,,,,,,True,prefeitura,500,15
True,500,236.9mb,163142,,,,,,,True,prefeitura,500,16
True,500,236.9mb,163142,,,,,,,True,prefeitura,500,16
True,500,236.9mb,163142,,,,,,,True,prefeitura,500,17
True,500,236.9mb,163142,,,,,,,True,prefeitura,500,19
True,500,236.9mb,163142,,,,,,,True,prefeitura,500,16
True,500,236.9mb,163142,,,,,,,True,prefeitura,500,16
True,500,236.9mb,163142,,,,,,,True,prefeitura,500,14
True,500,236.9mb,163142,,,,,,,True,prefeitura,500,15
True,500,236.9mb,163142,,,,,,,True,prefeitura,500,14
True,500,236.9mb,163142,,,,,,,True,prefeitura,500,15
True,500,236.9mb,163142,,,,,,,True,prefeitura,500,16
True,500,236.9mb,163142,,,,,,,True,prefeitura,500,18
True,500,236.9mb,163142,,,,,,,True,prefeitura,500,15
True,500,236.9mb,163142,,,,,,,True,prefeitura,500,17
True,500,236.9mb,163142,,,,,,,True,prefeitura,500,16
True,500,236.9mb,163142,,,,,,,True,prefeitura,500,15
True,500,236.9mb,163142,,,,,,,True,prefeitura,500,16
True,500,236.9mb,163142,,,,,,,True,prefeitura,500,14
True,500,236.9mb,163142,,,,,,,True,prefeitura,500,15
True,500,236.9mb,163142,,,,,,,True,prefeitura,500,16
True,500,236.9mb,163142,,,,,,,True,prefeitura,500,20
True,500,236.9mb,163142,,,,,,,True,prefeitura,500,16
True,500,236.9mb,163142,,,,,,,True,prefeitura,500,13
True,500,236.9mb,163142,,,,,,,True,prefeitura,500,16
True,500,236.9mb,163142,,,,,,,True,prefeitura,500,14
True,500,236.9mb,163142,,,,,,,True,prefeitura,500,13
True,500,236.9mb,163142,,,,,,,True,prefeitura,500,15
True,500,236.9mb,163142,,,,,,,True,prefeitura,500,12
True,500,236.9mb,163142,,,,,,,True,prefeitura,500,17
True,500,236.9mb,163142,,,,,,,True,prefeitura,500,15
True,500,236.9mb,163142,,,,,,,True,prefeitura,500,15
True,500,236.9mb,163142,,,,,,,True,prefeitura,500,16
True,500,236.9mb,163142,,,,,,,True,prefeitura,500,14
True,500,236.9mb,163142,,,,,,,True,prefeitura,500,14
True,500,236.9mb,163142,,,,,,,True,prefeitura,500,14
True,500,236.9mb,163142,,,,,,,True,prefeitura,500,14
True,500,236.9mb,163142,,,,,,,True,prefeitura,500,16
True,500,236.9mb,163142,,,,,,,True,prefeitura,500,14
True,500,236.9mb,163142,,,,,,,True,prefeitura,500,15
True,500,236.9mb,163142,,,,,,,True,prefeitura,500,14
True,500,236.9mb,163142,,,,,,,True,prefeitura,500,15
True,500,236.9mb,163142,,,,,,,True,prefeitura,500,13
True,500,236.9mb,163142,,,,,,,True,prefeitura,500,14
True,500,236.9mb,163142,,,,,,,True,prefeitura,500,16
True,500,236.9mb,163142,,,,,,,True,Lei de Acesso à Informação,500,145
True,500,236.9mb,163142,,,,,,,True,Lei de Acesso à Informação,500,31
True,500,236.9mb,163142,,,,,,,True,Lei de Acesso à Informação,500,31
True,500,236.9mb,163142,,,,,,,True,Lei de Acesso à Informação,500,18
True,500,236.9mb,163142,,,,,,,True,Lei de Acesso à Informação,500,13
True,500,236.9mb,163142,,,,,,,True,Lei de Acesso à Informação,500,12
True,500,236.9mb,163142,,,,,,,True,Lei de Acesso à Informação,500,16
True,500,236.9mb,163142,,,,,,,True,Lei de Acesso à Informação,500,16
True,500,236.9mb,163142,,,,,,,True,Lei de Acesso à Informação,500,20
True,500,236.9mb,163142,,,,,,,True,Lei de Acesso à Informação,500,23
True,500,236.9mb,163142,,,,,,,True,Lei de Acesso à Informação,500,18
True,500,236.9mb,163142,,,,,,,True,Lei de Acesso à Informação,500,32
True,500,236.9mb,163142,,,,,,,True,Lei de Acesso à Informação,500,20
True,500,236.9mb,163142,,,,,,,True,Lei de Acesso à Informação,500,18
True,500,236.9mb,163142,,,,,,,True,Lei de Acesso à Informação,500,14
True,500,236.9mb,163142,,,,,,,True,Lei de Acesso à Informação,500,12
True,500,236.9mb,163142,,,,,,,True,Lei de Acesso à Informação,500,26
True,500,236.9mb,163142,,,,,,,True,Lei de Acesso à Informação,500,15
True,500,236.9mb,163142,,,,,,,True,Lei de Acesso à Informação,500,12
True,500,236.9mb,163142,,,,,,,True,Lei de Acesso à Informação,500,26
True,500,236.9mb,163142,,,,,,,True,Lei de Acesso à Informação,500,9
True,500,236.9mb,163142,,,,,,,True,Lei de Acesso à Informação,500,13
True,500,236.9mb,163142,,,,,,,True,Lei de Acesso à Informação,500,11
True,500,236.9mb,163142,,,,,,,True,Lei de Acesso à Informação,500,11
True,500,236.9mb,163142,,,,,,,True,Lei de Acesso à Informação,500,12
True,500,236.9mb,163142,,,,,,,True,Lei de Acesso à Informação,500,12
True,500,236.9mb,163142,,,,,,,True,Lei de Acesso à Informação,500,9
True,500,236.9mb,163142,,,,,,,True,Lei de Acesso à Informação,500,10
True,500,236.9mb,163142,,,,,,,True,Lei de Acesso à Informação,500,22
True,500,236.9mb,163142,,,,,,,True,Lei de Acesso à Informação,500,12
True,500,236.9mb,163142,,,,,,,True,Lei de Acesso à Informação,500,23
True,500,236.9mb,163142,,,,,,,True,Lei de Acesso à Informação,500,9
True,500,236.9mb,163142,,,,,,,True,Lei de Acesso à Informação,500,10
True,500,236.9mb,163142,,,,,,,True,Lei de Acesso à Informação,500,13
True,500,236.9mb,163142,,,,,,,True,Lei de Acesso à Informação,500,10
True,500,236.9mb,163142,,,,,,,True,Lei de Acesso à Informação,500,9
True,500,236.9mb,163142,,,,,,,True,Lei de Acesso à Informação,500,11
True,500,236.9mb,163142,,,,,,,True,Lei de Acesso à Informação,500,12
True,500,236.9mb,163142,,,,,,,True,Lei de Acesso à Informação,500,63
True,500,236.9mb,163142,,,,,,,True,Lei de Acesso à Informação,500,14
True,500,236.9mb,163142,,,,,,,True,Lei de Acesso à Informação,500,14
True,500,236.9mb,163142,,,,,,,True,Lei de Acesso à Informação,500,14
True,500,236.9mb,163142,,,,,,,True,Lei de Acesso à Informação,500,23
True,500,236.9mb,163142,,,,,,,True,Lei de Acesso à Informação,500,9
True,500,236.9mb,163142,,,,,,,True,Lei de Acesso à Informação,500,12
True,500,236.9mb,163142,,,,,,,True,Lei de Acesso à Informação,500,6
True,500,236.9mb,163142,,,,,,,True,Lei de Acesso à Informação,500,8
True,500,236.9mb,163142,,,,,,,True,Lei de Acesso à Informação,500,8
True,500,236.9mb,163142,,,,,,,True,Lei de Acesso à Informação,500,6
True,500,236.9mb,163142,,,,,,,True,Lei de Acesso à Informação,500,6
True,500,236.9mb,163142,,,,,,,True,Lei de Acesso à Informação,500,21
True,500,236.9mb,163142,,,,,,,True,Lei de Acesso à Informação,500,4
True,500,236.9mb,163142,,,,,,,True,Lei de Acesso à Informação,500,5
True,500,236.9mb,163142,,,,,,,True,Lei de Acesso à Informação,500,6
True,500,236.9mb,163142,,,,,,,True,Lei de Acesso à Informação,500,4
True,500,236.9mb,163142,,,,,,,True,Lei de Acesso à Informação,500,4
True,500,236.9mb,163142,,,,,,,True,Lei de Acesso à Informação,500,5
True,500,236.9mb,163142,,,,,,,True,Lei de Acesso à Informação,500,19
True,500,236.9mb,163142,,,,,,,True,Lei de Acesso à Informação,500,4
True,500,236.9mb,163142,,,,,,,True,Lei de Acesso à Informação,500,4
True,500,236.9mb,163142,,,,,,,True,Lei de Acesso à Informação,500,5
True,500,236.9mb,163142,,,,,,,True,Lei de Acesso à Informação,500,6
True,500,236.9mb,163142,,,,,,,True,Lei de Acesso à Informação,500,4
True,500,236.9mb,163142,,,,,,,True,Lei de Acesso à Informação,500,4
True,500,236.9mb,163142,,,,,,,True,Lei de Acesso à Informação,500,4
True,500,236.9mb,163142,,,,,,,True,Lei de Acesso à Informação,500,5
True,500,236.9mb,163142,,,,,,,True,Lei de Acesso à Informação,500,5
True,500,236.9mb,163142,,,,,,,True,Lei de Acesso à Informação,500,5
True,500,236.9mb,163142,,,,,,,True,Lei de Acesso à Informação,500,9
True,500,236.9mb,163142,,,,,,,True,Lei de Acesso à Informação,500,4
True,500,236.9mb,163142,,,,,,,True,Lei de Acesso à Informação,500,5
True,500,236.9mb,163142,,,,,,,True,Lei de Acesso à Informação,500,5
True,500,236.9mb,163142,,,,,,,True,Lei de Acesso à Informação,500,4
True,500,236.9mb,163142,,,,,,,True,Lei de Acesso à Informação,500,9
True,500,236.9mb,163142,,,,,,,True,Lei de Acesso à Informação,500,5
True,500,236.9mb,163142,,,,,,,True,Lei de Acesso à Informação,500,5
True,500,236.9mb,163142,,,,,,,True,Lei de Acesso à Informação,500,6
True,500,236.9mb,163142,,,,,,,True,Lei de Acesso à Informação,500,6
True,500,236.9mb,163142,,,,,,,True,Lei de Acesso à Informação,500,6
True,500,236.9mb,163142,,,,,,,True,Lei de Acesso à Informação,500,4
True,500,236.9mb,163142,,,,,,,True,Lei de Acesso à Informação,500,4
True,500,236.9mb,163142,,,,,,,True,Lei de Acesso à Informação,500,5
True,500,236.9mb,163142,,,,,,,True,Lei de Acesso à Informação,500,6
True,500,236.9mb,163142,,,,,,,True,Lei de Acesso à Informação,500,7
True,500,236.9mb,163142,,,,,,,True,Lei de Acesso à Informação,500,4
True,500,236.9mb,163142,,,,,,,True,Lei de Acesso à Informação,500,6
True,500,236.9mb,163142,,,,,,,True,Lei de Acesso à Informação,500,5
True,500,236.9mb,163142,,,,,,,True,Lei de Acesso à Informação,500,5
True,500,236.9mb,163142,,,,,,,True,Lei de Acesso à Informação,500,4
True,500,236.9mb,163142,,,,,,,True,Lei de Acesso à Informação,500,5
True,500,236.9mb,163142,,,,,,,True,Lei de Acesso à Informação,500,7
True,500,236.9mb,163142,,,,,,,True,Lei de Acesso à Informação,500,8
True,500,236.9mb,163142,,,,,,,True,Lei de Acesso à Informação,500,5
True,500,236.9mb,163142,,,,,,,True,Lei de Acesso à Informação,500,4
True,500,236.9mb,163142,,,,,,,True,Lei de Acesso à Informação,500,7
True,500,236.9mb,163142,,,,,,,True,Lei de Acesso à Informação,500,4
True,500,236.9mb,163142,,,,,,,True,Lei de Acesso à Informação,500,6
True,500,236.9mb,163142,,,,,,,True,Lei de Acesso à Informação,500,5
True,500,236.9mb,163142,,,,,,,True,Lei de Acesso à Informação,500,4
True,500,236.9mb,163142,,,,,,,True,Lei de Acesso à Informação,500,6
True,500,236.9mb,163142,,,,Lei de Acesso à Informação,4,10000,,,,
True,500,236.9mb,163142,,,,Lei de Acesso à Informação,3,10000,,,,
True,500,236.9mb,163142,,,,Lei de Acesso à Informação,3,10000,,,,
True,500,236.9mb,163142,,,,Lei de Acesso à Informação,3,10000,,,,
True,500,236.9mb,163142,,,,Lei de Acesso à Informação,4,10000,,,,
True,500,236.9mb,163142,,,,Lei de Acesso à Informação,5,10000,,,,
True,500,236.9mb,163142,,,,Lei de Acesso à Informação,4,10000,,,,
True,500,236.9mb,163142,,,,Lei de Acesso à Informação,3,10000,,,,
True,500,236.9mb,163142,,,,Lei de Acesso à Informação,3,10000,,,,
True,500,236.9mb,163142,,,,Lei de Acesso à Informação,3,10000,,,,
True,500,236.9mb,163142,,,,Lei de Acesso à Informação,5,10000,,,,
True,500,236.9mb,163142,,,,Lei de Acesso à Informação,5,10000,,,,
True,500,236.9mb,163142,,,,Lei de Acesso à Informação,4,10000,,,,
True,500,236.9mb,163142,,,,Lei de Acesso à Informação,4,10000,,,,
True,500,236.9mb,163142,,,,Lei de Acesso à Informação,4,10000,,,,
True,500,236.9mb,163142,,,,Lei de Acesso à Informação,3,10000,,,,
True,500,236.9mb,163142,,,,Lei de Acesso à Informação,5,10000,,,,
True,500,236.9mb,163142,,,,Lei de Acesso à Informação,4,10000,,,,
True,500,236.9mb,163142,,,,Lei de Acesso à Informação,5,10000,,,,
True,500,236.9mb,163142,,,,Lei de Acesso à Informação,4,10000,,,,
True,500,236.9mb,163142,,,,Lei de Acesso à Informação,4,10000,,,,
True,500,236.9mb,163142,,,,Lei de Acesso à Informação,5,10000,,,,
True,500,236.9mb,163142,,,,Lei de Acesso à Informação,4,10000,,,,
True,500,236.9mb,163142,,,,Lei de Acesso à Informação,4,10000,,,,
True,500,236.9mb,163142,,,,Lei de Acesso à Informação,6,10000,,,,
True,500,236.9mb,163142,,,,Lei de Acesso à Informação,4,10000,,,,
True,500,236.9mb,163142,,,,Lei de Acesso à Informação,4,10000,,,,
True,500,236.9mb,163142,,,,Lei de Acesso à Informação,4,10000,,,,
True,500,236.9mb,163142,,,,Lei de Acesso à Informação,4,10000,,,,
True,500,236.9mb,163142,,,,Lei de Acesso à Informação,6,10000,,,,
True,500,236.9mb,163142,,,,Lei de Acesso à Informação,4,10000,,,,
True,500,236.9mb,163142,,,,Lei de Acesso à Informação,5,10000,,,,
True,500,236.9mb,163142,,,,Lei de Acesso à Informação,5,10000,,,,
True,500,236.9mb,163142,,,,Lei de Acesso à Informação,6,10000,,,,
True,500,236.9mb,163142,,,,Lei de Acesso à Informação,4,10000,,,,
True,500,236.9mb,163142,,,,Lei de Acesso à Informação,4,10000,,,,
True,500,236.9mb,163142,,,,Lei de Acesso à Informação,4,10000,,,,
True,500,236.9mb,163142,,,,Lei de Acesso à Informação,4,10000,,,,
True,500,236.9mb,163142,,,,Lei de Acesso à Informação,5,10000,,,,
True,500,236.9mb,163142,,,,Lei de Acesso à Informação,4,10000,,,,
True,500,236.9mb,163142,,,,Lei de Acesso à Informação,5,10000,,,,
True,500,236.9mb,163142,,,,Lei de Acesso à Informação,4,10000,,,,
True,500,236.9mb,163142,,,,Lei de Acesso à Informação,5,10000,,,,
True,500,236.9mb,163142,,,,Lei de Acesso à Informação,4,10000,,,,
True,500,236.9mb,163142,,,,Lei de Acesso à Informação,3,10000,,,,
True,500,236.9mb,163142,,,,Lei de Acesso à Informação,7,10000,,,,
True,500,236.9mb,163142,,,,Lei de Acesso à Informação,6,10000,,,,
True,500,236.9mb,163142,,,,Lei de Acesso à Informação,6,10000,,,,
True,500,236.9mb,163142,,,,Lei de Acesso à Informação,5,10000,,,,
True,500,236.9mb,163142,,,,Lei de Acesso à Informação,4,10000,,,,
True,500,236.9mb,163142,,,,Lei de Acesso à Informação,4,10000,,,,
True,500,236.9mb,163142,,,,Lei de Acesso à Informação,5,10000,,,,
True,500,236.9mb,163142,,,,Lei de Acesso à Informação,4,10000,,,,
True,500,236.9mb,163142,,,,Lei de Acesso à Informação,4,10000,,,,
True,500,236.9mb,163142,,,,Lei de Acesso à Informação,4,10000,,,,
True,500,236.9mb,163142,,,,Lei de Acesso à Informação,5,10000,,,,
True,500,236.9mb,163142,,,,Lei de Acesso à Informação,5,10000,,,,
True,500,236.9mb,163142,,,,Lei de Acesso à Informação,4,10000,,,,
True,500,236.9mb,163142,,,,Lei de Acesso à Informação,5,10000,,,,
True,500,236.9mb,163142,,,,Lei de Acesso à Informação,4,10000,,,,
True,500,236.9mb,163142,,,,Lei de Acesso à Informação,6,10000,,,,
True,500,236.9mb,163142,,,,Lei de Acesso à Informação,6,10000,,,,
True,500,236.9mb,163142,,,,Lei de Acesso à Informação,5,10000,,,,
True,500,236.9mb,163142,,,,Lei de Acesso à Informação,4,10000,,,,
True,500,236.9mb,163142,,,,Lei de Acesso à Informação,6,10000,,,,
True,500,236.9mb,163142,,,,Lei de Acesso à Informação,4,10000,,,,
True,500,236.9mb,163142,,,,Lei de Acesso à Informação,4,10000,,,,
True,500,236.9mb,163142,,,,Lei de Acesso à Informação,6,10000,,,,
True,500,236.9mb,163142,,,,Lei de Acesso à Informação,5,10000,,,,
True,500,236.9mb,163142,,,,Lei de Acesso à Informação,4,10000,,,,
True,500,236.9mb,163142,,,,Lei de Acesso à Informação,4,10000,,,,
True,500,236.9mb,163142,,,,Lei de Acesso à Informação,4,10000,,,,
True,500,236.9mb,163142,,,,Lei de Acesso à Informação,4,10000,,,,
True,500,236.9mb,163142,,,,Lei de Acesso à Informação,4,10000,,,,
True,500,236.9mb,163142,,,,Lei de Acesso à Informação,4,10000,,,,
True,500,236.9mb,163142,,,,Lei de Acesso à Informação,4,10000,,,,
True,500,236.9mb,163142,,,,Lei de Acesso à Informação,4,10000,,,,
True,500,236.9mb,163142,,,,Lei de Acesso à Informação,4,10000,,,,
True,500,236.9mb,163142,,,,Lei de Acesso à Informação,4,10000,,,,
True,500,236.9mb,163142,,,,Lei de Acesso à Informação,4,10000,,,,
True,500,236.9mb,163142,,,,Lei de Acesso à Informação,4,10000,,,,
True,500,236.9mb,163142,,,,Lei de Acesso à Informação,4,10000,,,,
True,500,236.9mb,163142,,,,Lei de Acesso à Informação,4,10000,,,,
True,500,236.9mb,163142,,,,Lei de Acesso à Informação,4,10000,,,,
True,500,236.9mb,163142,,,,Lei de Acesso à Informação,3,10000,,,,
True,500,236.9mb,163142,,,,Lei de Acesso à Informação,4,10000,,,,
True,500,236.9mb,163142,,,,Lei de Acesso à Informação,4,10000,,,,
True,500,236.9mb,163142,,,,Lei de Acesso à Informação,4,10000,,,,
True,500,236.9mb,163142,,,,Lei de Acesso à Informação,4,10000,,,,
True,500,236.9mb,163142,,,,Lei de Acesso à Informação,4,10000,,,,
True,500,236.9mb,163142,,,,Lei de Acesso à Informação,3,10000,,,,
True,500,236.9mb,163142,,,,Lei de Acesso à Informação,4,10000,,,,
True,500,236.9mb,163142,,,,Lei de Acesso à Informação,5,10000,,,,
True,500,236.9mb,163142,,,,Lei de Acesso à Informação,4,10000,,,,
True,500,236.9mb,163142,,,,Lei de Acesso à Informação,4,10000,,,,
True,500,236.9mb,163142,,,,Lei de Acesso à Informação,4,10000,,,,
True,500,236.9mb,163142,,,,Lei de Acesso à Informação,4,10000,,,,
True,500,236.9mb,163142,,,,Lei de Acesso à Informação,4,10000,,,,
True,500,236.9mb,163142,,,,Lei de Acesso à Informação,5,10000,,,,
True,500,236.9mb,163142,,,,Lei de Acesso à Informação,4,10000,,,,
True,500,236.9mb,163142,,,,LAI,13,38,,,,
True,500,236.9mb,163142,,,,LAI,1,38,,,,
True,500,236.9mb,163142,,,,LAI,1,38,,,,
True,500,236.9mb,163142,,,,LAI,1,38,,,,
True,500,236.9mb,163142,,,,LAI,1,38,,,,
True,500,236.9mb,163142,,,,LAI,1,38,,,,
True,500,236.9mb,163142,,,,LAI,1,38,,,,
True,500,236.9mb,163142,,,,LAI,1,38,,,,
True,500,236.9mb,163142,,,,LAI,1,38,,,,
True,500,236.9mb,163142,,,,LAI,1,38,,,,
True,500,236.9mb,163142,,,,LAI,2,38,,,,
True,500,236.9mb,163142,,,,LAI,2,38,,,,
True,500,236.9mb,163142,,,,LAI,2,38,,,,
True,500,236.9mb,163142,,,,LAI,1,38,,,,
True,500,236.9mb,163142,,,,LAI,1,38,,,,
True,500,236.9mb,163142,,,,LAI,1,38,,,,
True,500,236.9mb,163142,,,,LAI,1,38,,,,
True,500,236.9mb,163142,,,,LAI,3,38,,,,
True,500,236.9mb,163142,,,,LAI,1,38,,,,
True,500,236.9mb,163142,,,,LAI,1,38,,,,
True,500,236.9mb,163142,,,,LAI,2,38,,,,
True,500,236.9mb,163142,,,,LAI,2,38,,,,
True,500,236.9mb,163142,,,,LAI,1,38,,,,
True,500,236.9mb,163142,,,,LAI,1,38,,,,
True,500,236.9mb,163142,,,,LAI,2,38,,,,
True,500,236.9mb,163142,,,,LAI,2,38,,,,
True,500,236.9mb,163142,,,,LAI,2,38,,,,
True,500,236.9mb,163142,,,,LAI,1,38,,,,
True,500,236.9mb,163142,,,,LAI,1,38,,,,
True,500,236.9mb,163142,,,,LAI,1,38,,,,
True,500,236.9mb,163142,,,,LAI,1,38,,,,
True,500,236.9mb,163142,,,,LAI,1,38,,,,
True,500,236.9mb,163142,,,,LAI,2,38,,,,
True,500,236.9mb,163142,,,,LAI,1,38,,,,
True,500,236.9mb,163142,,,,LAI,2,38,,,,
True,500,236.9mb,163142,,,,LAI,2,38,,,,
True,500,236.9mb,163142,,,,LAI,2,38,,,,
True,500,236.9mb,163142,,,,LAI,2,38,,,,
True,500,236.9mb,163142,,,,LAI,2,38,,,,
True,500,236.9mb,163142,,,,LAI,1,38,,,,
True,500,236.9mb,163142,,,,LAI,1,38,,,,
True,500,236.9mb,163142,,,,LAI,2,38,,,,
True,500,236.9mb,163142,,,,LAI,1,38,,,,
True,500,236.9mb,163142,,,,LAI,1,38,,,,
True,500,236.9mb,163142,,,,LAI,1,38,,,,
True,500,236.9mb,163142,,,,LAI,1,38,,,,
True,500,236.9mb,163142,,,,LAI,1,38,,,,
True,500,236.9mb,163142,,,,LAI,1,38,,,,
True,500,236.9mb,163142,,,,LAI,1,38,,,,
True,500,236.9mb,163142,,,,LAI,1,38,,,,
True,500,236.9mb,163142,,,,LAI,1,38,,,,
True,500,236.9mb,163142,,,,LAI,1,38,,,,
True,500,236.9mb,163142,,,,LAI,1,38,,,,
True,500,236.9mb,163142,,,,LAI,2,38,,,,
True,500,236.9mb,163142,,,,LAI,1,38,,,,
True,500,236.9mb,163142,,,,LAI,1,38,,,,
True,500,236.9mb,163142,,,,LAI,1,38,,,,
True,500,236.9mb,163142,,,,LAI,1,38,,,,
True,500,236.9mb,163142,,,,LAI,2,38,,,,
True,500,236.9mb,163142,,,,LAI,2,38,,,,
True,500,236.9mb,163142,,,,LAI,1,38,,,,
True,500,236.9mb,163142,,,,LAI,2,38,,,,
True,500,236.9mb,163142,,,,LAI,1,38,,,,
True,500,236.9mb,163142,,,,LAI,1,38,,,,
True,500,236.9mb,163142,,,,LAI,1,38,,,,
True,500,236.9mb,163142,,,,LAI,1,38,,,,
True,500,236.9mb,163142,,,,LAI,14,38,,,,
True,500,236.9mb,163142,,,,LAI,1,38,,,,
True,500,236.9mb,163142,,,,LAI,1,38,,,,
True,500,236.9mb,163142,,,,LAI,1,38,,,,
True,500,236.9mb,163142,,,,LAI,1,38,,,,
True,500,236.9mb,163142,,,,LAI,1,38,,,,
True,500,236.9mb,163142,,,,LAI,2,38,,,,
True,500,236.9mb,163142,,,,LAI,2,38,,,,
True,500,236.9mb,163142,,,,LAI,2,38,,,,
True,500,236.9mb,163142,,,,LAI,2,38,,,,
True,500,236.9mb,163142,,,,LAI,2,38,,,,
True,500,236.9mb,163142,,,,LAI,1,38,,,,
True,500,236.9mb,163142,,,,LAI,1,38,,,,
True,500,236.9mb,163142,,,,LAI,1,38,,,,
True,500,236.9mb,163142,,,,LAI,2,38,,,,
True,500,236.9mb,163142,,,,LAI,1,38,,,,
True,500,236.9mb,163142,,,,LAI,1,38,,,,
True,500,236.9mb,163142,,,,LAI,1,38,,,,
True,500,236.9mb,163142,,,,LAI,1,38,,,,
True,500,236.9mb,163142,,,,LAI,1,38,,,,
True,500,236.9mb,163142,,,,LAI,1,38,,,,
True,500,236.9mb,163142,,,,LAI,1,38,,,,
True,500,236.9mb,163142,,,,LAI,1,38,,,,
True,500,236.9mb,163142,,,,LAI,1,38,,,,
True,500,236.9mb,163142,,,,LAI,1,38,,,,
True,500,236.9mb,163142,,,,LAI,1,38,,,,
True,500,236.9mb,163142,,,,LAI,2,38,,,,
True,500,236.9mb,163142,,,,LAI,2,38,,,,
True,500,236.9mb,163142,,,,LAI,1,38,,,,
True,500,236.9mb,163142,,,,LAI,1,38,,,,
True,500,236.9mb,163142,,,,LAI,1,38,,,,
True,500,236.9mb,163142,,,,LAI,1,38,,,,
True,500,236.9mb,163142,,,,LAI,2,38,,,,
True,500,236.9mb,163142,,,,LAI,2,38,,,,
True,500,236.9mb,163142,,,,Lei Geral de Proteção de Dados Pessoais,33,10000,,,,
True,500,236.9mb,163142,,,,Lei Geral de Proteção de Dados Pessoais,5,10000,,,,
True,500,236.9mb,163142,,,,Lei Geral de Proteção de Dados Pessoais,4,10000,,,,
True,500,236.9mb,163142,,,,Lei Geral de Proteção de Dados Pessoais,3,10000,,,,
True,500,236.9mb,163142,,,,Lei Geral de Proteção de Dados Pessoais,3,10000,,,,
True,500,236.9mb,163142,,,,Lei Geral de Proteção de Dados Pessoais,3,10000,,,,
True,500,236.9mb,163142,,,,Lei Geral de Proteção de Dados Pessoais,4,10000,,,,
True,500,236.9mb,163142,,,,Lei Geral de Proteção de Dados Pessoais,4,10000,,,,
True,500,236.9mb,163142,,,,Lei Geral de Proteção de Dados Pessoais,3,10000,,,,
True,500,236.9mb,163142,,,,Lei Geral de Proteção de Dados Pessoais,3,10000,,,,
True,500,236.9mb,163142,,,,Lei Geral de Proteção de Dados Pessoais,3,10000,,,,
True,500,236.9mb,163142,,,,Lei Geral de Proteção de Dados Pessoais,4,10000,,,,
True,500,236.9mb,163142,,,,Lei Geral de Proteção de Dados Pessoais,4,10000,,,,
True,500,236.9mb,163142,,,,Lei Geral de Proteção de Dados Pessoais,4,10000,,,,
True,500,236.9mb,163142,,,,Lei Geral de Proteção de Dados Pessoais,3,10000,,,,
True,500,236.9mb,163142,,,,Lei Geral de Proteção de Dados Pessoais,4,10000,,,,
True,500,236.9mb,163142,,,,Lei Geral de Proteção de Dados Pessoais,5,10000,,,,
True,500,236.9mb,163142,,,,Lei Geral de Proteção de Dados Pessoais,5,10000,,,,
True,500,236.9mb,163142,,,,Lei Geral de Proteção de Dados Pessoais,4,10000,,,,
True,500,236.9mb,163142,,,,Lei Geral de Proteção de Dados Pessoais,4,10000,,,,
True,500,236.9mb,163142,,,,Lei Geral de Proteção de Dados Pessoais,4,10000,,,,
True,500,236.9mb,163142,,,,Lei Geral de Proteção de Dados Pessoais,4,10000,,,,
True,500,236.9mb,163142,,,,Lei Geral de Proteção de Dados Pessoais,4,10000,,,,
True,500,236.9mb,163142,,,,Lei Geral de Proteção de Dados Pessoais,4,10000,,,,
True,500,236.9mb,163142,,,,Lei Geral de Proteção de Dados Pessoais,3,10000,,,,
True,500,236.9mb,163142,,,,Lei Geral de Proteção de Dados Pessoais,4,10000,,,,
True,500,236.9mb,163142,,,,Lei Geral de Proteção de Dados Pessoais,4,10000,,,,
True,500,236.9mb,163142,,,,Lei Geral de Proteção de Dados Pessoais,4,10000,,,,
True,500,236.9mb,163142,,,,Lei Geral de Proteção de Dados Pessoais,5,10000,,,,
True,500,236.9mb,163142,,,,Lei Geral de Proteção de Dados Pessoais,4,10000,,,,
True,500,236.9mb,163142,,,,Lei Geral de Proteção de Dados Pessoais,3,10000,,,,
True,500,236.9mb,163142,,,,Lei Geral de Proteção de Dados Pessoais,5,10000,,,,
True,500,236.9mb,163142,,,,Lei Geral de Proteção de Dados Pessoais,4,10000,,,,
True,500,236.9mb,163142,,,,Lei Geral de Proteção de Dados Pessoais,4,10000,,,,
True,500,236.9mb,163142,,,,Lei Geral de Proteção de Dados Pessoais,6,10000,,,,
True,500,236.9mb,163142,,,,Lei Geral de Proteção de Dados Pessoais,4,10000,,,,
True,500,236.9mb,163142,,,,Lei Geral de Proteção de Dados Pessoais,4,10000,,,,
True,500,236.9mb,163142,,,,Lei Geral de Proteção de Dados Pessoais,4,10000,,,,
True,500,236.9mb,163142,,,,Lei Geral de Proteção de Dados Pessoais,3,10000,,,,
True,500,236.9mb,163142,,,,Lei Geral de Proteção de Dados Pessoais,3,10000,,,,
True,500,236.9mb,163142,,,,Lei Geral de Proteção de Dados Pessoais,3,10000,,,,
True,500,236.9mb,163142,,,,Lei Geral de Proteção de Dados Pessoais,4,10000,,,,
True,500,236.9mb,163142,,,,Lei Geral de Proteção de Dados Pessoais,3,10000,,,,
True,500,236.9mb,163142,,,,Lei Geral de Proteção de Dados Pessoais,5,10000,,,,
True,500,236.9mb,163142,,,,Lei Geral de Proteção de Dados Pessoais,4,10000,,,,
True,500,236.9mb,163142,,,,Lei Geral de Proteção de Dados Pessoais,4,10000,,,,
True,500,236.9mb,163142,,,,Lei Geral de Proteção de Dados Pessoais,5,10000,,,,
True,500,236.9mb,163142,,,,Lei Geral de Proteção de Dados Pessoais,6,10000,,,,
True,500,236.9mb,163142,,,,Lei Geral de Proteção de Dados Pessoais,3,10000,,,,
True,500,236.9mb,163142,,,,Lei Geral de Proteção de Dados Pessoais,4,10000,,,,
True,500,236.9mb,163142,,,,Lei Geral de Proteção de Dados Pessoais,4,10000,,,,
True,500,236.9mb,163142,,,,Lei Geral de Proteção de Dados Pessoais,3,10000,,,,
True,500,236.9mb,163142,,,,Lei Geral de Proteção de Dados Pessoais,3,10000,,,,
True,500,236.9mb,163142,,,,Lei Geral de Proteção de Dados Pessoais,3,10000,,,,
True,500,236.9mb,163142,,,,Lei Geral de Proteção de Dados Pessoais,4,10000,,,,
True,500,236.9mb,163142,,,,Lei Geral de Proteção de Dados Pessoais,5,10000,,,,
True,500,236.9mb,163142,,,,Lei Geral de Proteção de Dados Pessoais,3,10000,,,,
True,500,236.9mb,163142,,,,Lei Geral de Proteção de Dados Pessoais,4,10000,,,,
True,500,236.9mb,163142,,,,Lei Geral de Proteção de Dados Pessoais,5,10000,,,,
True,500,236.9mb,163142,,,,Lei Geral de Proteção de Dados Pessoais,3,10000,,,,
True,500,236.9mb,163142,,,,Lei Geral de Proteção de Dados Pessoais,3,10000,,,,
True,500,236.9mb,163142,,,,Lei Geral de Proteção de Dados Pessoais,4,10000,,,,
True,500,236.9mb,163142,,,,Lei Geral de Proteção de Dados Pessoais,4,10000,,,,
True,500,236.9mb,163142,,,,Lei Geral de Proteção de Dados Pessoais,4,10000,,,,
True,500,236.9mb,163142,,,,Lei Geral de Proteção de Dados Pessoais,4,10000,,,,
True,500,236.9mb,163142,,,,Lei Geral de Proteção de Dados Pessoais,4,10000,,,,
True,500,236.9mb,163142,,,,Lei Geral de Proteção de Dados Pessoais,4,10000,,,,
True,500,236.9mb,163142,,,,Lei Geral de Proteção de Dados Pessoais,4,10000,,,,
True,500,236.9mb,163142,,,,Lei Geral de Proteção de Dados Pessoais,3,10000,,,,
True,500,236.9mb,163142,,,,Lei Geral de Proteção de Dados Pessoais,5,10000,,,,
True,500,236.9mb,163142,,,,Lei Geral de Proteção de Dados Pessoais,4,10000,,,,
True,500,236.9mb,163142,,,,Lei Geral de Proteção de Dados Pessoais,3,10000,,,,
True,500,236.9mb,163142,,,,Lei Geral de Proteção de Dados Pessoais,5,10000,,,,
True,500,236.9mb,163142,,,,Lei Geral de Proteção de Dados Pessoais,3,10000,,,,
True,500,236.9mb,163142,,,,Lei Geral de Proteção de Dados Pessoais,4,10000,,,,
True,500,236.9mb,163142,,,,Lei Geral de Proteção de Dados Pessoais,5,10000,,,,
True,500,236.9mb,163142,,,,Lei Geral de Proteção de Dados Pessoais,4,10000,,,,
True,500,236.9mb,163142,,,,Lei Geral de Proteção de Dados Pessoais,4,10000,,,,
True,500,236.9mb,163142,,,,Lei Geral de Proteção de Dados Pessoais,5,10000,,,,
True,500,236.9mb,163142,,,,Lei Geral de Proteção de Dados Pessoais,4,10000,,,,
True,500,236.9mb,163142,,,,Lei Geral de Proteção de Dados Pessoais,4,10000,,,,
True,500,236.9mb,163142,,,,Lei Geral de Proteção de Dados Pessoais,4,10000,,,,
True,500,236.9mb,163142,,,,Lei Geral de Proteção de Dados Pessoais,4,10000,,,,
True,500,236.9mb,163142,,,,Lei Geral de Proteção de Dados Pessoais,5,10000,,,,
True,500,236.9mb,163142,,,,Lei Geral de Proteção de Dados Pessoais,3,10000,,,,
True,500,236.9mb,163142,,,,Lei Geral de Proteção de Dados Pessoais,4,10000,,,,
True,500,236.9mb,163142,,,,Lei Geral de Proteção de Dados Pessoais,5,10000,,,,
True,500,236.9mb,163142,,,,Lei Geral de Proteção de Dados Pessoais,4,10000,,,,
True,500,236.9mb,163142,,,,Lei Geral de Proteção de Dados Pessoais,4,10000,,,,
True,500,236.9mb,163142,,,,Lei Geral de Proteção de Dados Pessoais,4,10000,,,,
True,500,236.9mb,163142,,,,Lei Geral de Proteção de Dados Pessoais,3,10000,,,,
True,500,236.9mb,163142,,,,Lei Geral de Proteção de Dados Pessoais,4,10000,,,,
True,500,236.9mb,163142,,,,Lei Geral de Proteção de Dados Pessoais,4,10000,,,,
True,500,236.9mb,163142,,,,Lei Geral de Proteção de Dados Pessoais,4,10000,,,,
True,500,236.9mb,163142,,,,Lei Geral de Proteção de Dados Pessoais,5,10000,,,,
True,500,236.9mb,163142,,,,Lei Geral de Proteção de Dados Pessoais,6,10000,,,,
True,500,236.9mb,163142,,,,Lei Geral de Proteção de Dados Pessoais,4,10000,,,,
True,500,236.9mb,163142,,,,Lei Geral de Proteção de Dados Pessoais,5,10000,,,,
True,500,236.9mb,163142,,,,Lei Geral de Proteção de Dados Pessoais,4,10000,,,,
True,500,236.9mb,163142,,,,Lei Geral de Proteção de Dados Pessoais,4,10000,,,,
True,500,236.9mb,163142,,,,LGPD,13,40,,,,
True,500,236.9mb,163142,,,,LGPD,1,40,,,,
True,500,236.9mb,163142,,,,LGPD,3,40,,,,
True,500,236.9mb,163142,,,,LGPD,1,40,,,,
True,500,236.9mb,163142,,,,LGPD,2,40,,,,
True,500,236.9mb,163142,,,,LGPD,1,40,,,,
True,500,236.9mb,163142,,,,LGPD,1,40,,,,
True,500,236.9mb,163142,,,,LGPD,3,40,,,,
True,500,236.9mb,163142,,,,LGPD,2,40,,,,
True,500,236.9mb,163142,,,,LGPD,1,40,,,,
True,500,236.9mb,163142,,,,LGPD,2,40,,,,
True,500,236.9mb,163142,,,,LGPD,2,40,,,,
True,500,236.9mb,163142,,,,LGPD,2,40,,,,
True,500,236.9mb,163142,,,,LGPD,1,40,,,,
True,500,236.9mb,163142,,,,LGPD,1,40,,,,
True,500,236.9mb,163142,,,,LGPD,1,40,,,,
True,500,236.9mb,163142,,,,LGPD,2,40,,,,
True,500,236.9mb,163142,,,,LGPD,2,40,,,,
True,500,236.9mb,163142,,,,LGPD,3,40,,,,
True,500,236.9mb,163142,,,,LGPD,2,40,,,,
True,500,236.9mb,163142,,,,LGPD,2,40,,,,
True,500,236.9mb,163142,,,,LGPD,1,40,,,,
True,500,236.9mb,163142,,,,LGPD,1,40,,,,
True,500,236.9mb,163142,,,,LGPD,2,40,,,,
True,500,236.9mb,163142,,,,LGPD,1,40,,,,
True,500,236.9mb,163142,,,,LGPD,2,40,,,,
True,500,236.9mb,163142,,,,LGPD,1,40,,,,
True,500,236.9mb,163142,,,,LGPD,2,40,,,,
True,500,236.9mb,163142,,,,LGPD,4,40,,,,
True,500,236.9mb,163142,,,,LGPD,1,40,,,,
True,500,236.9mb,163142,,,,LGPD,2,40,,,,
True,500,236.9mb,163142,,,,LGPD,1,40,,,,
True,500,236.9mb,163142,,,,LGPD,1,40,,,,
True,500,236.9mb,163142,,,,LGPD,1,40,,,,
True,500,236.9mb,163142,,,,LGPD,2,40,,,,
True,500,236.9mb,163142,,,,LGPD,2,40,,,,
True,500,236.9mb,163142,,,,LGPD,1,40,,,,
True,500,236.9mb,163142,,,,LGPD,1,40,,,,
True,500,236.9mb,163142,,,,LGPD,1,40,,,,
True,500,236.9mb,163142,,,,LGPD,1,40,,,,
True,500,236.9mb,163142,,,,LGPD,1,40,,,,
True,500,236.9mb,163142,,,,LGPD,1,40,,,,
True,500,236.9mb,163142,,,,LGPD,1,40,,,,
True,500,236.9mb,163142,,,,LGPD,2,40,,,,
True,500,236.9mb,163142,,,,LGPD,2,40,,,,
True,500,236.9mb,163142,,,,LGPD,2,40,,,,
True,500,236.9mb,163142,,,,LGPD,2,40,,,,
True,500,236.9mb,163142,,,,LGPD,1,40,,,,
True,500,236.9mb,163142,,,,LGPD,2,40,,,,
True,500,236.9mb,163142,,,,LGPD,2,40,,,,
True,500,236.9mb,163142,,,,LGPD,2,40,,,,
True,500,236.9mb,163142,,,,LGPD,2,40,,,,
True,500,236.9mb,163142,,,,LGPD,2,40,,,,
True,500,236.9mb,163142,,,,LGPD,2,40,,,,
True,500,236.9mb,163142,,,,LGPD,1,40,,,,
True,500,236.9mb,163142,,,,LGPD,1,40,,,,
True,500,236.9mb,163142,,,,LGPD,1,40,,,,
True,500,236.9mb,163142,,,,LGPD,1,40,,,,
True,500,236.9mb,163142,,,,LGPD,1,40,,,,
True,500,236.9mb,163142,,,,LGPD,1,40,,,,
True,500,236.9mb,163142,,,,LGPD,1,40,,,,
True,500,236.9mb,163142,,,,LGPD,1,40,,,,
True,500,236.9mb,163142,,,,LGPD,1,40,,,,
True,500,236.9mb,163142,,,,LGPD,1,40,,,,
True,500,236.9mb,163142,,,,LGPD,1,40,,,,
True,500,236.9mb,163142,,,,LGPD,1,40,,,,
True,500,236.9mb,163142,,,,LGPD,1,40,,,,
True,500,236.9mb,163142,,,,LGPD,1,40,,,,
True,500,236.9mb,163142,,,,LGPD,1,40,,,,
True,500,236.9mb,163142,,,,LGPD,1,40,,,,
True,500,236.9mb,163142,,,,LGPD,1,40,,,,
True,500,236.9mb,163142,,,,LGPD,2,40,,,,
True,500,236.9mb,163142,,,,LGPD,2,40,,,,
True,500,236.9mb,163142,,,,LGPD,2,40,,,,
True,500,236.9mb,163142,,,,LGPD,2,40,,,,
True,500,236.9mb,163142,,,,LGPD,1,40,,,,
True,500,236.9mb,163142,,,,LGPD,1,40,,,,
True,500,236.9mb,163142,,,,LGPD,2,40,,,,
True,500,236.9mb,163142,,,,LGPD,1,40,,,,
True,500,236.9mb,163142,,,,LGPD,1,40,,,,
True,500,236.9mb,163142,,,,LGPD,2,40,,,,
True,500,236.9mb,163142,,,,LGPD,1,40,,,,
True,500,236.9mb,163142,,,,LGPD,1,40,,,,
True,500,236.9mb,163142,,,,LGPD,1,40,,,,
True,500,236.9mb,163142,,,,LGPD,2,40,,,,
True,500,236.9mb,163142,,,,LGPD,1,40,,,,
True,500,236.9mb,163142,,,,LGPD,2,40,,,,
True,500,236.9mb,163142,,,,LGPD,2,40,,,,
True,500,236.9mb,163142,,,,LGPD,1,40,,,,
True,500,236.9mb,163142,,,,LGPD,1,40,,,,
True,500,236.9mb,163142,,,,LGPD,1,40,,,,
True,500,236.9mb,163142,,,,LGPD,2,40,,,,
True,500,236.9mb,163142,,,,LGPD,2,40,,,,
True,500,236.9mb,163142,,,,LGPD,1,40,,,,
True,500,236.9mb,163142,,,,LGPD,1,40,,,,
True,500,236.9mb,163142,,,,LGPD,2,40,,,,
True,500,236.9mb,163142,,,,LGPD,1,40,,,,
True,500,236.9mb,163142,,,,LGPD,1,40,,,,
True,500,236.9mb,163142,,,,LGPD,2,40,,,,
True,500,236.9mb,163142,,,,LGPD,1,40,,,,
True,500,236.9mb,163142,,,,Política Nacional de Resíduos Sólidos,23,1421,,,,
True,500,236.9mb,163142,,,,Política Nacional de Resíduos Sólidos,2,1421,,,,
True,500,236.9mb,163142,,,,Política Nacional de Resíduos Sólidos,2,1421,,,,
True,500,236.9mb,163142,,,,Política Nacional de Resíduos Sólidos,2,1421,,,,
True,500,236.9mb,163142,,,,Política Nacional de Resíduos Sólidos,2,1421,,,,
True,500,236.9mb,163142,,,,Política Nacional de Resíduos Sólidos,2,1421,,,,
True,500,236.9mb,163142,,,,Política Nacional de Resíduos Sólidos,3,1421,,,,
True,500,236.9mb,163142,,,,Política Nacional de Resíduos Sólidos,3,1421,,,,
True,500,236.9mb,163142,,,,Política Nacional de Resíduos Sólidos,3,1421,,,,
True,500,236.9mb,163142,,,,Política Nacional de Resíduos Sólidos,2,1421,,,,
True,500,236.9mb,163142,,,,Política Nacional de Resíduos Sólidos,2,1421,,,,
True,500,236.9mb,163142,,,,Política Nacional de Resíduos Sólidos,2,1421,,,,
True,500,236.9mb,163142,,,,Política Nacional de Resíduos Sólidos,2,1421,,,,
True,500,236.9mb,163142,,,,Política Nacional de Resíduos Sólidos,2,1421,,,,
True,500,236.9mb,163142,,,,Política Nacional de Resíduos Sólidos,2,1421,,,,
True,500,236.9mb,163142,,,,Política Nacional de Resíduos Sólidos,3,1421,,,,
True,500,236.9mb,163142,,,,Política Nacional de Resíduos Sólidos,2,1421,,,,
True,500,236.9mb,163142,,,,Política Nacional de Resíduos Sólidos,2,1421,,,,
True,500,236.9mb,163142,,,,Política Nacional de Resíduos Sólidos,2,1421,,,,
True,500,236.9mb,163142,,,,Política Nacional de Resíduos Sólidos,2,1421,,,,
True,500,236.9mb,163142,,,,Política Nacional de Resíduos Sólidos,2,1421,,,,
True,500,236.9mb,163142,,,,Política Nacional de Resíduos Sólidos,2,1421,,,,
True,500,236.9mb,163142,,,,Política Nacional de Resíduos Sólidos,2,1421,,,,
True,500,236.9mb,163142,,,,Política Nacional de Resíduos Sólidos,3,1421,,,,
True,500,236.9mb,163142,,,,Política Nacional de Resíduos Sólidos,16,1421,,,,
True,500,236.9mb,163142,,,,Política Nacional de Resíduos Sólidos,2,1421,,,,
True,500,236.9mb,163142,,,,Política Nacional de Resíduos Sólidos,3,1421,,,,
True,500,236.9mb,163142,,,,Política Nacional de Resíduos Sólidos,2,1421,,,,
True,500,236.9mb,163142,,,,Política Nacional de Resíduos Sólidos,2,1421,,,,
True,500,236.9mb,163142,,,,Política Nacional de Resíduos Sólidos,2,1421,,,,
True,500,236.9mb,163142,,,,Política Nacional de Resíduos Sólidos,2,1421,,,,
True,500,236.9mb,163142,,,,Política Nacional de Resíduos Sólidos,3,1421,,,,
True,500,236.9mb,163142,,,,Política Nacional de Resíduos Sólidos,2,1421,,,,
True,500,236.9mb,163142,,,,Política Nacional de Resíduos Sólidos,3,1421,,,,
True,500,236.9mb,163142,,,,Política Nacional de Resíduos Sólidos,3,1421,,,,
True,500,236.9mb,163142,,,,Política Nacional de Resíduos Sólidos,3,1421,,,,
True,500,236.9mb,163142,,,,Política Nacional de Resíduos Sólidos,3,1421,,,,
True,500,236.9mb,163142,,,,Política Nacional de Resíduos Sólidos,2,1421,,,,
True,500,236.9mb,163142,,,,Política Nacional de Resíduos Sólidos,3,1421,,,,
True,500,236.9mb,163142,,,,Política Nacional de Resíduos Sólidos,2,1421,,,,
True,500,236.9mb,163142,,,,Política Nacional de Resíduos Sólidos,2,1421,,,,
True,500,236.9mb,163142,,,,Política Nacional de Resíduos Sólidos,2,1421,,,,
True,500,236.9mb,163142,,,,Política Nacional de Resíduos Sólidos,2,1421,,,,
True,500,236.9mb,163142,,,,Política Nacional de Resíduos Sólidos,2,1421,,,,
True,500,236.9mb,163142,,,,Política Nacional de Resíduos Sólidos,2,1421,,,,
True,500,236.9mb,163142,,,,Política Nacional de Resíduos Sólidos,2,1421,,,,
True,500,236.9mb,163142,,,,Política Nacional de Resíduos Sólidos,3,1421,,,,
True,500,236.9mb,163142,,,,Política Nacional de Resíduos Sólidos,2,1421,,,,
True,500,236.9mb,163142,,,,Política Nacional de Resíduos Sólidos,2,1421,,,,
True,500,236.9mb,163142,,,,Política Nacional de Resíduos Sólidos,2,1421,,,,
True,500,236.9mb,163142,,,,Política Nacional de Resíduos Sólidos,2,1421,,,,
True,500,236.9mb,163142,,,,Política Nacional de Resíduos Sólidos,2,1421,,,,
True,500,236.9mb,163142,,,,Política Nacional de Resíduos Sólidos,3,1421,,,,
True,500,236.9mb,163142,,,,Política Nacional de Resíduos Sólidos,2,1421,,,,
True,500,236.9mb,163142,,,,Política Nacional de Resíduos Sólidos,3,1421,,,,
True,500,236.9mb,163142,,,,Política Nacional de Resíduos Sólidos,2,1421,,,,
True,500,236.9mb,163142,,,,Política Nacional de Resíduos Sólidos,2,1421,,,,
True,500,236.9mb,163142,,,,Política Nacional de Resíduos Sólidos,3,1421,,,,
True,500,236.9mb,163142,,,,Política Nacional de Resíduos Sólidos,2,1421,,,,
True,500,236.9mb,163142,,,,Política Nacional de Resíduos Sólidos,2,1421,,,,
True,500,236.9mb,163142,,,,Política Nacional de Resíduos Sólidos,2,1421,,,,
True,500,236.9mb,163142,,,,Política Nacional de Resíduos Sólidos,2,1421,,,,
True,500,236.9mb,163142,,,,Política Nacional de Resíduos Sólidos,3,1421,,,,
True,500,236.9mb,163142,,,,Política Nacional de Resíduos Sólidos,2,1421,,,,
True,500,236.9mb,163142,,,,Política Nacional de Resíduos Sólidos,2,1421,,,,
True,500,236.9mb,163142,,,,Política Nacional de Resíduos Sólidos,2,1421,,,,
True,500,236.9mb,163142,,,,Política Nacional de Resíduos Sólidos,3,1421,,,,
True,500,236.9mb,163142,,,,Política Nacional de Resíduos Sólidos,2,1421,,,,
True,500,236.9mb,163142,,,,Política Nacional de Resíduos Sólidos,2,1421,,,,
True,500,236.9mb,163142,,,,Política Nacional de Resíduos Sólidos,2,1421,,,,
True,500,236.9mb,163142,,,,Política Nacional de Resíduos Sólidos,2,1421,,,,
True,500,236.9mb,163142,,,,Política Nacional de Resíduos Sólidos,3,1421,,,,
True,500,236.9mb,163142,,,,Política Nacional de Resíduos Sólidos,2,1421,,,,
True,500,236.9mb,163142,,,,Política Nacional de Resíduos Sólidos,2,1421,,,,
True,500,236.9mb,163142,,,,Política Nacional de Resíduos Sólidos,2,1421,,,,
True,500,236.9mb,163142,,,,Política Nacional de Resíduos Sólidos,3,1421,,,,
True,500,236.9mb,163142,,,,Política Nacional de Resíduos Sólidos,2,1421,,,,
True,500,236.9mb,163142,,,,Política Nacional de Resíduos Sólidos,3,1421,,,,
True,500,236.9mb,163142,,,,Política Nacional de Resíduos Sólidos,4,1421,,,,
True,500,236.9mb,163142,,,,Política Nacional de Resíduos Sólidos,4,1421,,,,
True,500,236.9mb,163142,,,,Política Nacional de Resíduos Sólidos,2,1421,,,,
True,500,236.9mb,163142,,,,Política Nacional de Resíduos Sólidos,4,1421,,,,
True,500,236.9mb,163142,,,,Política Nacional de Resíduos Sólidos,2,1421,,,,
True,500,236.9mb,163142,,,,Política Nacional de Resíduos Sólidos,2,1421,,,,
True,500,236.9mb,163142,,,,Política Nacional de Resíduos Sólidos,3,1421,,,,
True,500,236.9mb,163142,,,,Política Nacional de Resíduos Sólidos,2,1421,,,,
True,500,236.9mb,163142,,,,Política Nacional de Resíduos Sólidos,2,1421,,,,
True,500,236.9mb,163142,,,,Política Nacional de Resíduos Sólidos,3,1421,,,,
True,500,236.9mb,163142,,,,Política Nacional de Resíduos Sólidos,2,1421,,,,
True,500,236.9mb,163142,,,,Política Nacional de Resíduos Sólidos,5,1421,,,,
True,500,236.9mb,163142,,,,Política Nacional de Resíduos Sólidos,3,1421,,,,
True,500,236.9mb,163142,,,,Política Nacional de Resíduos Sólidos,5,1421,,,,
True,500,236.9mb,163142,,,,Política Nacional de Resíduos Sólidos,3,1421,,,,
True,500,236.9mb,163142,,,,Política Nacional de Resíduos Sólidos,3,1421,,,,
True,500,236.9mb,163142,,,,Política Nacional de Resíduos Sólidos,2,1421,,,,
True,500,236.9mb,163142,,,,Política Nacional de Resíduos Sólidos,3,1421,,,,
True,500,236.9mb,163142,,,,Política Nacional de Resíduos Sólidos,3,1421,,,,
True,500,236.9mb,163142,,,,Política Nacional de Resíduos Sólidos,2,1421,,,,
True,500,236.9mb,163142,,,,Política Nacional de Resíduos Sólidos,2,1421,,,,
True,500,236.9mb,163142,,,,Política Nacional de Resíduos Sólidos,2,1421,,,,
True,500,236.9mb,163142,,,,PNRS,1,0,,,,
True,500,236.9mb,163142,,,,PNRS,2,0,,,,
True,500,236.9mb,163142,,,,PNRS,1,0,,,,
True,500,236.9mb,163142,,,,PNRS,1,0,,,,
True,500,236.9mb,163142,,,,PNRS,1,0,,,,
True,500,236.9mb,163142,,,,PNRS,1,0,,,,
True,500,236.9mb,163142,,,,PNRS,1,0,,,,
True,500,236.9mb,163142,,,,PNRS,1,0,,,,
True,500,236.9mb,163142,,,,PNRS,1,0,,,,
True,500,236.9mb,163142,,,,PNRS,1,0,,,,
True,500,236.9mb,163142,,,,PNRS,1,0,,,,
True,500,236.9mb,163142,,,,PNRS,1,0,,,,
True,500,236.9mb,163142,,,,PNRS,1,0,,,,
True,500,236.9mb,163142,,,,PNRS,1,0,,,,
True,500,236.9mb,163142,,,,PNRS,1,0,,,,
True,500,236.9mb,163142,,,,PNRS,1,0,,,,
True,500,236.9mb,163142,,,,PNRS,1,0,,,,
True,500,236.9mb,163142,,,,PNRS,1,0,,,,
True,500,236.9mb,163142,,,,PNRS,2,0,,,,
True,500,236.9mb,163142,,,,PNRS,1,0,,,,
True,500,236.9mb,163142,,,,PNRS,1,0,,,,
True,500,236.9mb,163142,,,,PNRS,1,0,,,,
True,500,236.9mb,163142,,,,PNRS,2,0,,,,
True,500,236.9mb,163142,,,,PNRS,1,0,,,,
True,500,236.9mb,163142,,,,PNRS,2,0,,,,
True,500,236.9mb,163142,,,,PNRS,1,0,,,,
True,500,236.9mb,163142,,,,PNRS,1,0,,,,
True,500,236.9mb,163142,,,,PNRS,1,0,,,,
True,500,236.9mb,163142,,,,PNRS,1,0,,,,
True,500,236.9mb,163142,,,,PNRS,2,0,,,,
True,500,236.9mb,163142,,,,PNRS,1,0,,,,
True,500,236.9mb,163142,,,,PNRS,1,0,,,,
True,500,236.9mb,163142,,,,PNRS,2,0,,,,
True,500,236.9mb,163142,,,,PNRS,2,0,,,,
True,500,236.9mb,163142,,,,PNRS,1,0,,,,
True,500,236.9mb,163142,,,,PNRS,1,0,,,,
True,500,236.9mb,163142,,,,PNRS,1,0,,,,
True,500,236.9mb,163142,,,,PNRS,1,0,,,,
True,500,236.9mb,163142,,,,PNRS,1,0,,,,
True,500,236.9mb,163142,,,,PNRS,1,0,,,,
True,500,236.9mb,163142,,,,PNRS,1,0,,,,
True,500,236.9mb,163142,,,,PNRS,1,0,,,,
True,500,236.9mb,163142,,,,PNRS,1,0,,,,
True,500,236.9mb,163142,,,,PNRS,1,0,,,,
True,500,236.9mb,163142,,,,PNRS,1,0,,,,
True,500,236.9mb,163142,,,,PNRS,1,0,,,,
True,500,236.9mb,163142,,,,PNRS,1,0,,,,
True,500,236.9mb,163142,,,,PNRS,1,0,,,,
True,500,236.9mb,163142,,,,PNRS,1,0,,,,
True,500,236.9mb,163142,,,,PNRS,1,0,,,,
True,500,236.9mb,163142,,,,PNRS,1,0,,,,
True,500,236.9mb,163142,,,,PNRS,1,0,,,,
True,500,236.9mb,163142,,,,PNRS,1,0,,,,
True,500,236.9mb,163142,,,,PNRS,1,0,,,,
True,500,236.9mb,163142,,,,PNRS,1,0,,,,
True,500,236.9mb,163142,,,,PNRS,1,0,,,,
True,500,236.9mb,163142,,,,PNRS,2,0,,,,
True,500,236.9mb,163142,,,,PNRS,1,0,,,,
True,500,236.9mb,163142,,,,PNRS,1,0,,,,
True,500,236.9mb,163142,,,,PNRS,1,0,,,,
True,500,236.9mb,163142,,,,PNRS,1,0,,,,
True,500,236.9mb,163142,,,,PNRS,1,0,,,,
True,500,236.9mb,163142,,,,PNRS,1,0,,,,
True,500,236.9mb,163142,,,,PNRS,1,0,,,,
True,500,236.9mb,163142,,,,PNRS,1,0,,,,
True,500,236.9mb,163142,,,,PNRS,1,0,,,,
True,500,236.9mb,163142,,,,PNRS,1,0,,,,
True,500,236.9mb,163142,,,,PNRS,2,0,,,,
True,500,236.9mb,163142,,,,PNRS,1,0,,,,
True,500,236.9mb,163142,,,,PNRS,2,0,,,,
True,500,236.9mb,163142,,,,PNRS,1,0,,,,
True,500,236.9mb,163142,,,,PNRS,1,0,,,,
True,500,236.9mb,163142,,,,PNRS,2,0,,,,
True,500,236.9mb,163142,,,,PNRS,2,0,,,,
True,500,236.9mb,163142,,,,PNRS,2,0,,,,
True,500,236.9mb,163142,,,,PNRS,1,0,,,,
True,500,236.9mb,163142,,,,PNRS,1,0,,,,
True,500,236.9mb,163142,,,,PNRS,1,0,,,,
True,500,236.9mb,163142,,,,PNRS,1,0,,,,
True,500,236.9mb,163142,,,,PNRS,1,0,,,,
True,500,236.9mb,163142,,,,PNRS,1,0,,,,
True,500,236.9mb,163142,,,,PNRS,1,0,,,,
True,500,236.9mb,163142,,,,PNRS,1,0,,,,
True,500,236.9mb,163142,,,,PNRS,1,0,,,,
True,500,236.9mb,163142,,,,PNRS,1,0,,,,
True,500,236.9mb,163142,,,,PNRS,1,0,,,,
True,500,236.9mb,163142,,,,PNRS,1,0,,,,
True,500,236.9mb,163142,,,,PNRS,1,0,,,,
True,500,236.9mb,163142,,,,PNRS,1,0,,,,
True,500,236.9mb,163142,,,,PNRS,1,0,,,,
True,500,236.9mb,163142,,,,PNRS,1,0,,,,
True,500,236.9mb,163142,,,,PNRS,1,0,,,,
True,500,236.9mb,163142,,,,PNRS,1,0,,,,
True,500,236.9mb,163142,,,,PNRS,1,0,,,,
True,500,236.9mb,163142,,,,PNRS,1,0,,,,
True,500,236.9mb,163142,,,,PNRS,1,0,,,,
True,500,236.9mb,163142,,,,PNRS,1,0,,,,
True,500,236.9mb,163142,,,,PNRS,2,0,,,,
True,500,236.9mb,163142,,,,PNRS,1,0,,,,
True,500,236.9mb,163142,,,,PNRS,1,0,,,,
