IS_SEGMENTED, SEGMENT_SIZE,INDEX_SIZE,DOCUMENT_COUNT,GENERAL_SEARCH_TERM,GENERAL_SEARCH_TIME,GENERAL_SEARCH_DOCS_COUNT,SPECIFIC_SEARCH_TERM,SPECIFIC_SEARCH_TIME, SPECIFIC_SEARCH_DOCS_COUNT, WITH_HIGHLIGHT, HIGHLIGHT_TERM, FRAGMENT_SIZE, HIGHLIGHT_TIME
True,500,1.2mb,377,prefeitura,14,158,,,,,,,
True,500,1.2mb,377,prefeitura,12,158,,,,,,,
True,500,1.2mb,377,prefeitura,16,158,,,,,,,
True,500,1.2mb,377,prefeitura,8,158,,,,,,,
True,500,1.2mb,377,prefeitura,12,158,,,,,,,
True,500,1.2mb,377,prefeitura,9,158,,,,,,,
True,500,1.2mb,377,prefeitura,7,158,,,,,,,
True,500,1.2mb,377,prefeitura,5,158,,,,,,,
True,500,1.2mb,377,prefeitura,6,158,,,,,,,
True,500,1.2mb,377,prefeitura,6,158,,,,,,,
True,500,1.2mb,377,prefeitura,9,158,,,,,,,
True,500,1.2mb,377,prefeitura,6,158,,,,,,,
True,500,1.2mb,377,prefeitura,6,158,,,,,,,
True,500,1.2mb,377,prefeitura,7,158,,,,,,,
True,500,1.2mb,377,prefeitura,5,158,,,,,,,
True,500,1.2mb,377,prefeitura,7,158,,,,,,,
True,500,1.2mb,377,prefeitura,19,158,,,,,,,
True,500,1.2mb,377,prefeitura,6,158,,,,,,,
True,500,1.2mb,377,prefeitura,7,158,,,,,,,
True,500,1.2mb,377,prefeitura,8,158,,,,,,,
True,500,1.2mb,377,prefeitura,6,158,,,,,,,
True,500,1.2mb,377,prefeitura,5,158,,,,,,,
True,500,1.2mb,377,prefeitura,4,158,,,,,,,
True,500,1.2mb,377,prefeitura,5,158,,,,,,,
True,500,1.2mb,377,prefeitura,5,158,,,,,,,
True,500,1.2mb,377,prefeitura,5,158,,,,,,,
True,500,1.2mb,377,prefeitura,5,158,,,,,,,
True,500,1.2mb,377,prefeitura,5,158,,,,,,,
True,500,1.2mb,377,prefeitura,5,158,,,,,,,
True,500,1.2mb,377,prefeitura,8,158,,,,,,,
True,500,1.2mb,377,prefeitura,5,158,,,,,,,
True,500,1.2mb,377,prefeitura,4,158,,,,,,,
True,500,1.2mb,377,prefeitura,7,158,,,,,,,
True,500,1.2mb,377,prefeitura,8,158,,,,,,,
True,500,1.2mb,377,prefeitura,5,158,,,,,,,
True,500,1.2mb,377,prefeitura,5,158,,,,,,,
True,500,1.2mb,377,prefeitura,6,158,,,,,,,
True,500,1.2mb,377,prefeitura,4,158,,,,,,,
True,500,1.2mb,377,prefeitura,4,158,,,,,,,
True,500,1.2mb,377,prefeitura,5,158,,,,,,,
True,500,1.2mb,377,prefeitura,7,158,,,,,,,
True,500,1.2mb,377,prefeitura,6,158,,,,,,,
True,500,1.2mb,377,prefeitura,5,158,,,,,,,
True,500,1.2mb,377,prefeitura,4,158,,,,,,,
True,500,1.2mb,377,prefeitura,6,158,,,,,,,
True,500,1.2mb,377,prefeitura,8,158,,,,,,,
True,500,1.2mb,377,prefeitura,8,158,,,,,,,
True,500,1.2mb,377,prefeitura,7,158,,,,,,,
True,500,1.2mb,377,prefeitura,8,158,,,,,,,
True,500,1.2mb,377,prefeitura,8,158,,,,,,,
True,500,1.2mb,377,prefeitura,8,158,,,,,,,
True,500,1.2mb,377,prefeitura,8,158,,,,,,,
True,500,1.2mb,377,prefeitura,10,158,,,,,,,
True,500,1.2mb,377,prefeitura,8,158,,,,,,,
True,500,1.2mb,377,prefeitura,8,158,,,,,,,
True,500,1.2mb,377,prefeitura,9,158,,,,,,,
True,500,1.2mb,377,prefeitura,7,158,,,,,,,
True,500,1.2mb,377,prefeitura,9,158,,,,,,,
True,500,1.2mb,377,prefeitura,9,158,,,,,,,
True,500,1.2mb,377,prefeitura,9,158,,,,,,,
True,500,1.2mb,377,prefeitura,8,158,,,,,,,
True,500,1.2mb,377,prefeitura,7,158,,,,,,,
True,500,1.2mb,377,prefeitura,9,158,,,,,,,
True,500,1.2mb,377,prefeitura,7,158,,,,,,,
True,500,1.2mb,377,prefeitura,6,158,,,,,,,
True,500,1.2mb,377,prefeitura,6,158,,,,,,,
True,500,1.2mb,377,prefeitura,8,158,,,,,,,
True,500,1.2mb,377,prefeitura,9,158,,,,,,,
True,500,1.2mb,377,prefeitura,6,158,,,,,,,
True,500,1.2mb,377,prefeitura,8,158,,,,,,,
True,500,1.2mb,377,prefeitura,8,158,,,,,,,
True,500,1.2mb,377,prefeitura,8,158,,,,,,,
True,500,1.2mb,377,prefeitura,7,158,,,,,,,
True,500,1.2mb,377,prefeitura,8,158,,,,,,,
True,500,1.2mb,377,prefeitura,9,158,,,,,,,
True,500,1.2mb,377,prefeitura,9,158,,,,,,,
True,500,1.2mb,377,prefeitura,7,158,,,,,,,
True,500,1.2mb,377,prefeitura,8,158,,,,,,,
True,500,1.2mb,377,prefeitura,7,158,,,,,,,
True,500,1.2mb,377,prefeitura,6,158,,,,,,,
True,500,1.2mb,377,prefeitura,7,158,,,,,,,
True,500,1.2mb,377,prefeitura,9,158,,,,,,,
True,500,1.2mb,377,prefeitura,7,158,,,,,,,
True,500,1.2mb,377,prefeitura,7,158,,,,,,,
True,500,1.2mb,377,prefeitura,8,158,,,,,,,
True,500,1.2mb,377,prefeitura,9,158,,,,,,,
True,500,1.2mb,377,prefeitura,6,158,,,,,,,
True,500,1.2mb,377,prefeitura,8,158,,,,,,,
True,500,1.2mb,377,prefeitura,7,158,,,,,,,
True,500,1.2mb,377,prefeitura,8,158,,,,,,,
True,500,1.2mb,377,prefeitura,9,158,,,,,,,
True,500,1.2mb,377,prefeitura,7,158,,,,,,,
True,500,1.2mb,377,prefeitura,6,158,,,,,,,
True,500,1.2mb,377,prefeitura,6,158,,,,,,,
True,500,1.2mb,377,prefeitura,7,158,,,,,,,
True,500,1.2mb,377,prefeitura,7,158,,,,,,,
True,500,1.2mb,377,prefeitura,7,158,,,,,,,
True,500,1.2mb,377,prefeitura,8,158,,,,,,,
True,500,1.2mb,377,prefeitura,7,158,,,,,,,
True,500,1.2mb,377,prefeitura,7,158,,,,,,,
True,500,1.2mb,377,diário,7,126,,,,,,,
True,500,1.2mb,377,diário,5,126,,,,,,,
True,500,1.2mb,377,diário,5,126,,,,,,,
True,500,1.2mb,377,diário,18,126,,,,,,,
True,500,1.2mb,377,diário,6,126,,,,,,,
True,500,1.2mb,377,diário,7,126,,,,,,,
True,500,1.2mb,377,diário,7,126,,,,,,,
True,500,1.2mb,377,diário,8,126,,,,,,,
True,500,1.2mb,377,diário,9,126,,,,,,,
True,500,1.2mb,377,diário,10,126,,,,,,,
True,500,1.2mb,377,diário,8,126,,,,,,,
True,500,1.2mb,377,diário,8,126,,,,,,,
True,500,1.2mb,377,diário,11,126,,,,,,,
True,500,1.2mb,377,diário,8,126,,,,,,,
True,500,1.2mb,377,diário,6,126,,,,,,,
True,500,1.2mb,377,diário,7,126,,,,,,,
True,500,1.2mb,377,diário,8,126,,,,,,,
True,500,1.2mb,377,diário,7,126,,,,,,,
True,500,1.2mb,377,diário,7,126,,,,,,,
True,500,1.2mb,377,diário,11,126,,,,,,,
True,500,1.2mb,377,diário,7,126,,,,,,,
True,500,1.2mb,377,diário,7,126,,,,,,,
True,500,1.2mb,377,diário,6,126,,,,,,,
True,500,1.2mb,377,diário,6,126,,,,,,,
True,500,1.2mb,377,diário,7,126,,,,,,,
True,500,1.2mb,377,diário,5,126,,,,,,,
True,500,1.2mb,377,diário,5,126,,,,,,,
True,500,1.2mb,377,diário,6,126,,,,,,,
True,500,1.2mb,377,diário,9,126,,,,,,,
True,500,1.2mb,377,diário,6,126,,,,,,,
True,500,1.2mb,377,diário,6,126,,,,,,,
True,500,1.2mb,377,diário,7,126,,,,,,,
True,500,1.2mb,377,diário,7,126,,,,,,,
True,500,1.2mb,377,diário,5,126,,,,,,,
True,500,1.2mb,377,diário,6,126,,,,,,,
True,500,1.2mb,377,diário,6,126,,,,,,,
True,500,1.2mb,377,diário,5,126,,,,,,,
True,500,1.2mb,377,diário,5,126,,,,,,,
True,500,1.2mb,377,diário,7,126,,,,,,,
True,500,1.2mb,377,diário,7,126,,,,,,,
True,500,1.2mb,377,diário,6,126,,,,,,,
True,500,1.2mb,377,diário,6,126,,,,,,,
True,500,1.2mb,377,diário,6,126,,,,,,,
True,500,1.2mb,377,diário,7,126,,,,,,,
True,500,1.2mb,377,diário,7,126,,,,,,,
True,500,1.2mb,377,diário,6,126,,,,,,,
True,500,1.2mb,377,diário,6,126,,,,,,,
True,500,1.2mb,377,diário,7,126,,,,,,,
True,500,1.2mb,377,diário,11,126,,,,,,,
True,500,1.2mb,377,diário,5,126,,,,,,,
True,500,1.2mb,377,diário,8,126,,,,,,,
True,500,1.2mb,377,diário,8,126,,,,,,,
True,500,1.2mb,377,diário,9,126,,,,,,,
True,500,1.2mb,377,diário,12,126,,,,,,,
True,500,1.2mb,377,diário,16,126,,,,,,,
True,500,1.2mb,377,diário,12,126,,,,,,,
True,500,1.2mb,377,diário,11,126,,,,,,,
True,500,1.2mb,377,diário,8,126,,,,,,,
True,500,1.2mb,377,diário,7,126,,,,,,,
True,500,1.2mb,377,diário,7,126,,,,,,,
True,500,1.2mb,377,diário,6,126,,,,,,,
True,500,1.2mb,377,diário,7,126,,,,,,,
True,500,1.2mb,377,diário,8,126,,,,,,,
True,500,1.2mb,377,diário,8,126,,,,,,,
True,500,1.2mb,377,diário,7,126,,,,,,,
True,500,1.2mb,377,diário,7,126,,,,,,,
True,500,1.2mb,377,diário,7,126,,,,,,,
True,500,1.2mb,377,diário,7,126,,,,,,,
True,500,1.2mb,377,diário,7,126,,,,,,,
True,500,1.2mb,377,diário,9,126,,,,,,,
True,500,1.2mb,377,diário,7,126,,,,,,,
True,500,1.2mb,377,diário,9,126,,,,,,,
True,500,1.2mb,377,diário,8,126,,,,,,,
True,500,1.2mb,377,diário,9,126,,,,,,,
True,500,1.2mb,377,diário,7,126,,,,,,,
True,500,1.2mb,377,diário,7,126,,,,,,,
True,500,1.2mb,377,diário,9,126,,,,,,,
True,500,1.2mb,377,diário,7,126,,,,,,,
True,500,1.2mb,377,diário,7,126,,,,,,,
True,500,1.2mb,377,diário,8,126,,,,,,,
True,500,1.2mb,377,diário,9,126,,,,,,,
True,500,1.2mb,377,diário,7,126,,,,,,,
True,500,1.2mb,377,diário,8,126,,,,,,,
True,500,1.2mb,377,diário,7,126,,,,,,,
True,500,1.2mb,377,diário,7,126,,,,,,,
True,500,1.2mb,377,diário,6,126,,,,,,,
True,500,1.2mb,377,diário,5,126,,,,,,,
True,500,1.2mb,377,diário,7,126,,,,,,,
True,500,1.2mb,377,diário,8,126,,,,,,,
True,500,1.2mb,377,diário,6,126,,,,,,,
True,500,1.2mb,377,diário,21,126,,,,,,,
True,500,1.2mb,377,diário,8,126,,,,,,,
True,500,1.2mb,377,diário,6,126,,,,,,,
True,500,1.2mb,377,diário,8,126,,,,,,,
True,500,1.2mb,377,diário,6,126,,,,,,,
True,500,1.2mb,377,diário,8,126,,,,,,,
True,500,1.2mb,377,diário,7,126,,,,,,,
True,500,1.2mb,377,diário,6,126,,,,,,,
True,500,1.2mb,377,diário,10,126,,,,,,,
True,500,1.2mb,377,diário,8,126,,,,,,,
True,500,1.2mb,377,lei,8,39,,,,,,,
True,500,1.2mb,377,lei,7,39,,,,,,,
True,500,1.2mb,377,lei,7,39,,,,,,,
True,500,1.2mb,377,lei,7,39,,,,,,,
True,500,1.2mb,377,lei,12,39,,,,,,,
True,500,1.2mb,377,lei,7,39,,,,,,,
True,500,1.2mb,377,lei,6,39,,,,,,,
True,500,1.2mb,377,lei,8,39,,,,,,,
True,500,1.2mb,377,lei,7,39,,,,,,,
True,500,1.2mb,377,lei,10,39,,,,,,,
True,500,1.2mb,377,lei,6,39,,,,,,,
True,500,1.2mb,377,lei,6,39,,,,,,,
True,500,1.2mb,377,lei,6,39,,,,,,,
True,500,1.2mb,377,lei,6,39,,,,,,,
True,500,1.2mb,377,lei,6,39,,,,,,,
True,500,1.2mb,377,lei,10,39,,,,,,,
True,500,1.2mb,377,lei,6,39,,,,,,,
True,500,1.2mb,377,lei,8,39,,,,,,,
True,500,1.2mb,377,lei,7,39,,,,,,,
True,500,1.2mb,377,lei,6,39,,,,,,,
True,500,1.2mb,377,lei,7,39,,,,,,,
True,500,1.2mb,377,lei,7,39,,,,,,,
True,500,1.2mb,377,lei,6,39,,,,,,,
True,500,1.2mb,377,lei,9,39,,,,,,,
True,500,1.2mb,377,lei,6,39,,,,,,,
True,500,1.2mb,377,lei,7,39,,,,,,,
True,500,1.2mb,377,lei,8,39,,,,,,,
True,500,1.2mb,377,lei,6,39,,,,,,,
True,500,1.2mb,377,lei,7,39,,,,,,,
True,500,1.2mb,377,lei,7,39,,,,,,,
True,500,1.2mb,377,lei,6,39,,,,,,,
True,500,1.2mb,377,lei,8,39,,,,,,,
True,500,1.2mb,377,lei,7,39,,,,,,,
True,500,1.2mb,377,lei,7,39,,,,,,,
True,500,1.2mb,377,lei,8,39,,,,,,,
True,500,1.2mb,377,lei,6,39,,,,,,,
True,500,1.2mb,377,lei,8,39,,,,,,,
True,500,1.2mb,377,lei,7,39,,,,,,,
True,500,1.2mb,377,lei,9,39,,,,,,,
True,500,1.2mb,377,lei,7,39,,,,,,,
True,500,1.2mb,377,lei,9,39,,,,,,,
True,500,1.2mb,377,lei,11,39,,,,,,,
True,500,1.2mb,377,lei,6,39,,,,,,,
True,500,1.2mb,377,lei,8,39,,,,,,,
True,500,1.2mb,377,lei,6,39,,,,,,,
True,500,1.2mb,377,lei,8,39,,,,,,,
True,500,1.2mb,377,lei,7,39,,,,,,,
True,500,1.2mb,377,lei,7,39,,,,,,,
True,500,1.2mb,377,lei,5,39,,,,,,,
True,500,1.2mb,377,lei,5,39,,,,,,,
True,500,1.2mb,377,lei,8,39,,,,,,,
True,500,1.2mb,377,lei,8,39,,,,,,,
True,500,1.2mb,377,lei,7,39,,,,,,,
True,500,1.2mb,377,lei,6,39,,,,,,,
True,500,1.2mb,377,lei,8,39,,,,,,,
True,500,1.2mb,377,lei,6,39,,,,,,,
True,500,1.2mb,377,lei,7,39,,,,,,,
True,500,1.2mb,377,lei,9,39,,,,,,,
True,500,1.2mb,377,lei,7,39,,,,,,,
True,500,1.2mb,377,lei,8,39,,,,,,,
True,500,1.2mb,377,lei,6,39,,,,,,,
True,500,1.2mb,377,lei,6,39,,,,,,,
True,500,1.2mb,377,lei,7,39,,,,,,,
True,500,1.2mb,377,lei,7,39,,,,,,,
True,500,1.2mb,377,lei,7,39,,,,,,,
True,500,1.2mb,377,lei,6,39,,,,,,,
True,500,1.2mb,377,lei,8,39,,,,,,,
True,500,1.2mb,377,lei,9,39,,,,,,,
True,500,1.2mb,377,lei,7,39,,,,,,,
True,500,1.2mb,377,lei,7,39,,,,,,,
True,500,1.2mb,377,lei,7,39,,,,,,,
True,500,1.2mb,377,lei,7,39,,,,,,,
True,500,1.2mb,377,lei,6,39,,,,,,,
True,500,1.2mb,377,lei,6,39,,,,,,,
True,500,1.2mb,377,lei,5,39,,,,,,,
True,500,1.2mb,377,lei,9,39,,,,,,,
True,500,1.2mb,377,lei,5,39,,,,,,,
True,500,1.2mb,377,lei,7,39,,,,,,,
True,500,1.2mb,377,lei,6,39,,,,,,,
True,500,1.2mb,377,lei,7,39,,,,,,,
True,500,1.2mb,377,lei,7,39,,,,,,,
True,500,1.2mb,377,lei,5,39,,,,,,,
True,500,1.2mb,377,lei,5,39,,,,,,,
True,500,1.2mb,377,lei,7,39,,,,,,,
True,500,1.2mb,377,lei,6,39,,,,,,,
True,500,1.2mb,377,lei,7,39,,,,,,,
True,500,1.2mb,377,lei,7,39,,,,,,,
True,500,1.2mb,377,lei,5,39,,,,,,,
True,500,1.2mb,377,lei,6,39,,,,,,,
True,500,1.2mb,377,lei,6,39,,,,,,,
True,500,1.2mb,377,lei,6,39,,,,,,,
True,500,1.2mb,377,lei,6,39,,,,,,,
True,500,1.2mb,377,lei,6,39,,,,,,,
True,500,1.2mb,377,lei,7,39,,,,,,,
True,500,1.2mb,377,lei,18,39,,,,,,,
True,500,1.2mb,377,lei,6,39,,,,,,,
True,500,1.2mb,377,lei,9,39,,,,,,,
True,500,1.2mb,377,lei,12,39,,,,,,,
True,500,1.2mb,377,lei,7,39,,,,,,,
True,500,1.2mb,377,lei,6,39,,,,,,,
True,500,1.2mb,377,termo,9,40,,,,,,,
True,500,1.2mb,377,termo,9,40,,,,,,,
True,500,1.2mb,377,termo,5,40,,,,,,,
True,500,1.2mb,377,termo,7,40,,,,,,,
True,500,1.2mb,377,termo,6,40,,,,,,,
True,500,1.2mb,377,termo,7,40,,,,,,,
True,500,1.2mb,377,termo,10,40,,,,,,,
True,500,1.2mb,377,termo,13,40,,,,,,,
True,500,1.2mb,377,termo,8,40,,,,,,,
True,500,1.2mb,377,termo,7,40,,,,,,,
True,500,1.2mb,377,termo,6,40,,,,,,,
True,500,1.2mb,377,termo,9,40,,,,,,,
True,500,1.2mb,377,termo,7,40,,,,,,,
True,500,1.2mb,377,termo,7,40,,,,,,,
True,500,1.2mb,377,termo,5,40,,,,,,,
True,500,1.2mb,377,termo,6,40,,,,,,,
True,500,1.2mb,377,termo,5,40,,,,,,,
True,500,1.2mb,377,termo,5,40,,,,,,,
True,500,1.2mb,377,termo,6,40,,,,,,,
True,500,1.2mb,377,termo,6,40,,,,,,,
True,500,1.2mb,377,termo,6,40,,,,,,,
True,500,1.2mb,377,termo,18,40,,,,,,,
True,500,1.2mb,377,termo,4,40,,,,,,,
True,500,1.2mb,377,termo,6,40,,,,,,,
True,500,1.2mb,377,termo,5,40,,,,,,,
True,500,1.2mb,377,termo,7,40,,,,,,,
True,500,1.2mb,377,termo,7,40,,,,,,,
True,500,1.2mb,377,termo,6,40,,,,,,,
True,500,1.2mb,377,termo,6,40,,,,,,,
True,500,1.2mb,377,termo,5,40,,,,,,,
True,500,1.2mb,377,termo,5,40,,,,,,,
True,500,1.2mb,377,termo,5,40,,,,,,,
True,500,1.2mb,377,termo,6,40,,,,,,,
True,500,1.2mb,377,termo,5,40,,,,,,,
True,500,1.2mb,377,termo,5,40,,,,,,,
True,500,1.2mb,377,termo,5,40,,,,,,,
True,500,1.2mb,377,termo,5,40,,,,,,,
True,500,1.2mb,377,termo,5,40,,,,,,,
True,500,1.2mb,377,termo,7,40,,,,,,,
True,500,1.2mb,377,termo,5,40,,,,,,,
True,500,1.2mb,377,termo,4,40,,,,,,,
True,500,1.2mb,377,termo,17,40,,,,,,,
True,500,1.2mb,377,termo,4,40,,,,,,,
True,500,1.2mb,377,termo,4,40,,,,,,,
True,500,1.2mb,377,termo,4,40,,,,,,,
True,500,1.2mb,377,termo,4,40,,,,,,,
True,500,1.2mb,377,termo,3,40,,,,,,,
True,500,1.2mb,377,termo,4,40,,,,,,,
True,500,1.2mb,377,termo,5,40,,,,,,,
True,500,1.2mb,377,termo,3,40,,,,,,,
True,500,1.2mb,377,termo,3,40,,,,,,,
True,500,1.2mb,377,termo,6,40,,,,,,,
True,500,1.2mb,377,termo,4,40,,,,,,,
True,500,1.2mb,377,termo,5,40,,,,,,,
True,500,1.2mb,377,termo,4,40,,,,,,,
True,500,1.2mb,377,termo,7,40,,,,,,,
True,500,1.2mb,377,termo,5,40,,,,,,,
True,500,1.2mb,377,termo,18,40,,,,,,,
True,500,1.2mb,377,termo,7,40,,,,,,,
True,500,1.2mb,377,termo,6,40,,,,,,,
True,500,1.2mb,377,termo,6,40,,,,,,,
True,500,1.2mb,377,termo,7,40,,,,,,,
True,500,1.2mb,377,termo,5,40,,,,,,,
True,500,1.2mb,377,termo,5,40,,,,,,,
True,500,1.2mb,377,termo,5,40,,,,,,,
True,500,1.2mb,377,termo,6,40,,,,,,,
True,500,1.2mb,377,termo,8,40,,,,,,,
True,500,1.2mb,377,termo,8,40,,,,,,,
True,500,1.2mb,377,termo,8,40,,,,,,,
True,500,1.2mb,377,termo,6,40,,,,,,,
True,500,1.2mb,377,termo,7,40,,,,,,,
True,500,1.2mb,377,termo,7,40,,,,,,,
True,500,1.2mb,377,termo,6,40,,,,,,,
True,500,1.2mb,377,termo,7,40,,,,,,,
True,500,1.2mb,377,termo,5,40,,,,,,,
True,500,1.2mb,377,termo,5,40,,,,,,,
True,500,1.2mb,377,termo,6,40,,,,,,,
True,500,1.2mb,377,termo,5,40,,,,,,,
True,500,1.2mb,377,termo,5,40,,,,,,,
True,500,1.2mb,377,termo,6,40,,,,,,,
True,500,1.2mb,377,termo,5,40,,,,,,,
True,500,1.2mb,377,termo,6,40,,,,,,,
True,500,1.2mb,377,termo,6,40,,,,,,,
True,500,1.2mb,377,termo,6,40,,,,,,,
True,500,1.2mb,377,termo,5,40,,,,,,,
True,500,1.2mb,377,termo,6,40,,,,,,,
True,500,1.2mb,377,termo,5,40,,,,,,,
True,500,1.2mb,377,termo,5,40,,,,,,,
True,500,1.2mb,377,termo,6,40,,,,,,,
True,500,1.2mb,377,termo,5,40,,,,,,,
True,500,1.2mb,377,termo,8,40,,,,,,,
True,500,1.2mb,377,termo,5,40,,,,,,,
True,500,1.2mb,377,termo,5,40,,,,,,,
True,500,1.2mb,377,termo,5,40,,,,,,,
True,500,1.2mb,377,termo,4,40,,,,,,,
True,500,1.2mb,377,termo,5,40,,,,,,,
True,500,1.2mb,377,termo,5,40,,,,,,,
True,500,1.2mb,377,termo,4,40,,,,,,,
True,500,1.2mb,377,termo,4,40,,,,,,,
True,500,1.2mb,377,termo,4,40,,,,,,,
True,500,1.2mb,377,decreto,6,28,,,,,,,
True,500,1.2mb,377,decreto,5,28,,,,,,,
True,500,1.2mb,377,decreto,6,28,,,,,,,
True,500,1.2mb,377,decreto,6,28,,,,,,,
True,500,1.2mb,377,decreto,7,28,,,,,,,
True,500,1.2mb,377,decreto,7,28,,,,,,,
True,500,1.2mb,377,decreto,8,28,,,,,,,
True,500,1.2mb,377,decreto,7,28,,,,,,,
True,500,1.2mb,377,decreto,5,28,,,,,,,
True,500,1.2mb,377,decreto,4,28,,,,,,,
True,500,1.2mb,377,decreto,5,28,,,,,,,
True,500,1.2mb,377,decreto,5,28,,,,,,,
True,500,1.2mb,377,decreto,5,28,,,,,,,
True,500,1.2mb,377,decreto,5,28,,,,,,,
True,500,1.2mb,377,decreto,5,28,,,,,,,
True,500,1.2mb,377,decreto,5,28,,,,,,,
True,500,1.2mb,377,decreto,6,28,,,,,,,
True,500,1.2mb,377,decreto,6,28,,,,,,,
True,500,1.2mb,377,decreto,6,28,,,,,,,
True,500,1.2mb,377,decreto,6,28,,,,,,,
True,500,1.2mb,377,decreto,7,28,,,,,,,
True,500,1.2mb,377,decreto,6,28,,,,,,,
True,500,1.2mb,377,decreto,5,28,,,,,,,
True,500,1.2mb,377,decreto,5,28,,,,,,,
True,500,1.2mb,377,decreto,5,28,,,,,,,
True,500,1.2mb,377,decreto,6,28,,,,,,,
True,500,1.2mb,377,decreto,7,28,,,,,,,
True,500,1.2mb,377,decreto,5,28,,,,,,,
True,500,1.2mb,377,decreto,5,28,,,,,,,
True,500,1.2mb,377,decreto,6,28,,,,,,,
True,500,1.2mb,377,decreto,6,28,,,,,,,
True,500,1.2mb,377,decreto,6,28,,,,,,,
True,500,1.2mb,377,decreto,6,28,,,,,,,
True,500,1.2mb,377,decreto,7,28,,,,,,,
True,500,1.2mb,377,decreto,6,28,,,,,,,
True,500,1.2mb,377,decreto,5,28,,,,,,,
True,500,1.2mb,377,decreto,6,28,,,,,,,
True,500,1.2mb,377,decreto,6,28,,,,,,,
True,500,1.2mb,377,decreto,6,28,,,,,,,
True,500,1.2mb,377,decreto,5,28,,,,,,,
True,500,1.2mb,377,decreto,5,28,,,,,,,
True,500,1.2mb,377,decreto,5,28,,,,,,,
True,500,1.2mb,377,decreto,6,28,,,,,,,
True,500,1.2mb,377,decreto,7,28,,,,,,,
True,500,1.2mb,377,decreto,5,28,,,,,,,
True,500,1.2mb,377,decreto,6,28,,,,,,,
True,500,1.2mb,377,decreto,6,28,,,,,,,
True,500,1.2mb,377,decreto,6,28,,,,,,,
True,500,1.2mb,377,decreto,6,28,,,,,,,
True,500,1.2mb,377,decreto,7,28,,,,,,,
True,500,1.2mb,377,decreto,6,28,,,,,,,
True,500,1.2mb,377,decreto,4,28,,,,,,,
True,500,1.2mb,377,decreto,5,28,,,,,,,
True,500,1.2mb,377,decreto,6,28,,,,,,,
True,500,1.2mb,377,decreto,7,28,,,,,,,
True,500,1.2mb,377,decreto,6,28,,,,,,,
True,500,1.2mb,377,decreto,6,28,,,,,,,
True,500,1.2mb,377,decreto,9,28,,,,,,,
True,500,1.2mb,377,decreto,5,28,,,,,,,
True,500,1.2mb,377,decreto,8,28,,,,,,,
True,500,1.2mb,377,decreto,9,28,,,,,,,
True,500,1.2mb,377,decreto,10,28,,,,,,,
True,500,1.2mb,377,decreto,6,28,,,,,,,
True,500,1.2mb,377,decreto,14,28,,,,,,,
True,500,1.2mb,377,decreto,5,28,,,,,,,
True,500,1.2mb,377,decreto,5,28,,,,,,,
True,500,1.2mb,377,decreto,5,28,,,,,,,
True,500,1.2mb,377,decreto,7,28,,,,,,,
True,500,1.2mb,377,decreto,6,28,,,,,,,
True,500,1.2mb,377,decreto,4,28,,,,,,,
True,500,1.2mb,377,decreto,5,28,,,,,,,
True,500,1.2mb,377,decreto,5,28,,,,,,,
True,500,1.2mb,377,decreto,6,28,,,,,,,
True,500,1.2mb,377,decreto,5,28,,,,,,,
True,500,1.2mb,377,decreto,6,28,,,,,,,
True,500,1.2mb,377,decreto,6,28,,,,,,,
True,500,1.2mb,377,decreto,8,28,,,,,,,
True,500,1.2mb,377,decreto,5,28,,,,,,,
True,500,1.2mb,377,decreto,5,28,,,,,,,
True,500,1.2mb,377,decreto,5,28,,,,,,,
True,500,1.2mb,377,decreto,5,28,,,,,,,
True,500,1.2mb,377,decreto,7,28,,,,,,,
True,500,1.2mb,377,decreto,5,28,,,,,,,
True,500,1.2mb,377,decreto,5,28,,,,,,,
True,500,1.2mb,377,decreto,5,28,,,,,,,
True,500,1.2mb,377,decreto,5,28,,,,,,,
True,500,1.2mb,377,decreto,5,28,,,,,,,
True,500,1.2mb,377,decreto,6,28,,,,,,,
True,500,1.2mb,377,decreto,18,28,,,,,,,
True,500,1.2mb,377,decreto,7,28,,,,,,,
True,500,1.2mb,377,decreto,4,28,,,,,,,
True,500,1.2mb,377,decreto,5,28,,,,,,,
True,500,1.2mb,377,decreto,5,28,,,,,,,
True,500,1.2mb,377,decreto,5,28,,,,,,,
True,500,1.2mb,377,decreto,9,28,,,,,,,
True,500,1.2mb,377,decreto,6,28,,,,,,,
True,500,1.2mb,377,decreto,9,28,,,,,,,
True,500,1.2mb,377,decreto,8,28,,,,,,,
True,500,1.2mb,377,decreto,6,28,,,,,,,
True,500,1.2mb,377,decreto,7,28,,,,,,,
True,500,1.2mb,377,,,,,,,True,prefeitura,2000,222
True,500,1.2mb,377,,,,,,,True,prefeitura,2000,36
True,500,1.2mb,377,,,,,,,True,prefeitura,2000,32
True,500,1.2mb,377,,,,,,,True,prefeitura,2000,30
True,500,1.2mb,377,,,,,,,True,prefeitura,2000,23
True,500,1.2mb,377,,,,,,,True,prefeitura,2000,26
True,500,1.2mb,377,,,,,,,True,prefeitura,2000,19
True,500,1.2mb,377,,,,,,,True,prefeitura,2000,24
True,500,1.2mb,377,,,,,,,True,prefeitura,2000,21
True,500,1.2mb,377,,,,,,,True,prefeitura,2000,25
True,500,1.2mb,377,,,,,,,True,prefeitura,2000,26
True,500,1.2mb,377,,,,,,,True,prefeitura,2000,35
True,500,1.2mb,377,,,,,,,True,prefeitura,2000,24
True,500,1.2mb,377,,,,,,,True,prefeitura,2000,23
True,500,1.2mb,377,,,,,,,True,prefeitura,2000,20
True,500,1.2mb,377,,,,,,,True,prefeitura,2000,20
True,500,1.2mb,377,,,,,,,True,prefeitura,2000,19
True,500,1.2mb,377,,,,,,,True,prefeitura,2000,21
True,500,1.2mb,377,,,,,,,True,prefeitura,2000,16
True,500,1.2mb,377,,,,,,,True,prefeitura,2000,14
True,500,1.2mb,377,,,,,,,True,prefeitura,2000,11
True,500,1.2mb,377,,,,,,,True,prefeitura,2000,12
True,500,1.2mb,377,,,,,,,True,prefeitura,2000,9
True,500,1.2mb,377,,,,,,,True,prefeitura,2000,11
True,500,1.2mb,377,,,,,,,True,prefeitura,2000,9
True,500,1.2mb,377,,,,,,,True,prefeitura,2000,10
True,500,1.2mb,377,,,,,,,True,prefeitura,2000,8
True,500,1.2mb,377,,,,,,,True,prefeitura,2000,9
True,500,1.2mb,377,,,,,,,True,prefeitura,2000,8
True,500,1.2mb,377,,,,,,,True,prefeitura,2000,10
True,500,1.2mb,377,,,,,,,True,prefeitura,2000,12
True,500,1.2mb,377,,,,,,,True,prefeitura,2000,11
True,500,1.2mb,377,,,,,,,True,prefeitura,2000,7
True,500,1.2mb,377,,,,,,,True,prefeitura,2000,10
True,500,1.2mb,377,,,,,,,True,prefeitura,2000,9
True,500,1.2mb,377,,,,,,,True,prefeitura,2000,8
True,500,1.2mb,377,,,,,,,True,prefeitura,2000,65
True,500,1.2mb,377,,,,,,,True,prefeitura,2000,6
True,500,1.2mb,377,,,,,,,True,prefeitura,2000,16
True,500,1.2mb,377,,,,,,,True,prefeitura,2000,9
True,500,1.2mb,377,,,,,,,True,prefeitura,2000,9
True,500,1.2mb,377,,,,,,,True,prefeitura,2000,12
True,500,1.2mb,377,,,,,,,True,prefeitura,2000,9
True,500,1.2mb,377,,,,,,,True,prefeitura,2000,9
True,500,1.2mb,377,,,,,,,True,prefeitura,2000,8
True,500,1.2mb,377,,,,,,,True,prefeitura,2000,12
True,500,1.2mb,377,,,,,,,True,prefeitura,2000,8
True,500,1.2mb,377,,,,,,,True,prefeitura,2000,10
True,500,1.2mb,377,,,,,,,True,prefeitura,2000,10
True,500,1.2mb,377,,,,,,,True,prefeitura,2000,11
True,500,1.2mb,377,,,,,,,True,prefeitura,2000,16
True,500,1.2mb,377,,,,,,,True,prefeitura,2000,19
True,500,1.2mb,377,,,,,,,True,prefeitura,2000,18
True,500,1.2mb,377,,,,,,,True,prefeitura,2000,19
True,500,1.2mb,377,,,,,,,True,prefeitura,2000,19
True,500,1.2mb,377,,,,,,,True,prefeitura,2000,25
True,500,1.2mb,377,,,,,,,True,prefeitura,2000,25
True,500,1.2mb,377,,,,,,,True,prefeitura,2000,22
True,500,1.2mb,377,,,,,,,True,prefeitura,2000,20
True,500,1.2mb,377,,,,,,,True,prefeitura,2000,20
True,500,1.2mb,377,,,,,,,True,prefeitura,2000,25
True,500,1.2mb,377,,,,,,,True,prefeitura,2000,28
True,500,1.2mb,377,,,,,,,True,prefeitura,2000,25
True,500,1.2mb,377,,,,,,,True,prefeitura,2000,29
True,500,1.2mb,377,,,,,,,True,prefeitura,2000,29
True,500,1.2mb,377,,,,,,,True,prefeitura,2000,32
True,500,1.2mb,377,,,,,,,True,prefeitura,2000,29
True,500,1.2mb,377,,,,,,,True,prefeitura,2000,24
True,500,1.2mb,377,,,,,,,True,prefeitura,2000,27
True,500,1.2mb,377,,,,,,,True,prefeitura,2000,28
True,500,1.2mb,377,,,,,,,True,prefeitura,2000,29
True,500,1.2mb,377,,,,,,,True,prefeitura,2000,33
True,500,1.2mb,377,,,,,,,True,prefeitura,2000,41
True,500,1.2mb,377,,,,,,,True,prefeitura,2000,34
True,500,1.2mb,377,,,,,,,True,prefeitura,2000,26
True,500,1.2mb,377,,,,,,,True,prefeitura,2000,26
True,500,1.2mb,377,,,,,,,True,prefeitura,2000,27
True,500,1.2mb,377,,,,,,,True,prefeitura,2000,24
True,500,1.2mb,377,,,,,,,True,prefeitura,2000,25
True,500,1.2mb,377,,,,,,,True,prefeitura,2000,22
True,500,1.2mb,377,,,,,,,True,prefeitura,2000,24
True,500,1.2mb,377,,,,,,,True,prefeitura,2000,29
True,500,1.2mb,377,,,,,,,True,prefeitura,2000,27
True,500,1.2mb,377,,,,,,,True,prefeitura,2000,27
True,500,1.2mb,377,,,,,,,True,prefeitura,2000,26
True,500,1.2mb,377,,,,,,,True,prefeitura,2000,26
True,500,1.2mb,377,,,,,,,True,prefeitura,2000,25
True,500,1.2mb,377,,,,,,,True,prefeitura,2000,24
True,500,1.2mb,377,,,,,,,True,prefeitura,2000,25
True,500,1.2mb,377,,,,,,,True,prefeitura,2000,21
True,500,1.2mb,377,,,,,,,True,prefeitura,2000,19
True,500,1.2mb,377,,,,,,,True,prefeitura,2000,7
True,500,1.2mb,377,,,,,,,True,prefeitura,2000,6
True,500,1.2mb,377,,,,,,,True,prefeitura,2000,7
True,500,1.2mb,377,,,,,,,True,prefeitura,2000,8
True,500,1.2mb,377,,,,,,,True,prefeitura,2000,7
True,500,1.2mb,377,,,,,,,True,prefeitura,2000,7
True,500,1.2mb,377,,,,,,,True,prefeitura,2000,10
True,500,1.2mb,377,,,,,,,True,prefeitura,2000,10
True,500,1.2mb,377,,,,,,,True,prefeitura,2000,8
True,500,1.2mb,377,,,,,,,True,Lei de Acesso à Informação,2000,81
True,500,1.2mb,377,,,,,,,True,Lei de Acesso à Informação,2000,13
True,500,1.2mb,377,,,,,,,True,Lei de Acesso à Informação,2000,22
True,500,1.2mb,377,,,,,,,True,Lei de Acesso à Informação,2000,44
True,500,1.2mb,377,,,,,,,True,Lei de Acesso à Informação,2000,13
True,500,1.2mb,377,,,,,,,True,Lei de Acesso à Informação,2000,13
True,500,1.2mb,377,,,,,,,True,Lei de Acesso à Informação,2000,13
True,500,1.2mb,377,,,,,,,True,Lei de Acesso à Informação,2000,9
True,500,1.2mb,377,,,,,,,True,Lei de Acesso à Informação,2000,14
True,500,1.2mb,377,,,,,,,True,Lei de Acesso à Informação,2000,17
True,500,1.2mb,377,,,,,,,True,Lei de Acesso à Informação,2000,13
True,500,1.2mb,377,,,,,,,True,Lei de Acesso à Informação,2000,11
True,500,1.2mb,377,,,,,,,True,Lei de Acesso à Informação,2000,13
True,500,1.2mb,377,,,,,,,True,Lei de Acesso à Informação,2000,9
True,500,1.2mb,377,,,,,,,True,Lei de Acesso à Informação,2000,9
True,500,1.2mb,377,,,,,,,True,Lei de Acesso à Informação,2000,12
True,500,1.2mb,377,,,,,,,True,Lei de Acesso à Informação,2000,25
True,500,1.2mb,377,,,,,,,True,Lei de Acesso à Informação,2000,17
True,500,1.2mb,377,,,,,,,True,Lei de Acesso à Informação,2000,12
True,500,1.2mb,377,,,,,,,True,Lei de Acesso à Informação,2000,14
True,500,1.2mb,377,,,,,,,True,Lei de Acesso à Informação,2000,12
True,500,1.2mb,377,,,,,,,True,Lei de Acesso à Informação,2000,13
True,500,1.2mb,377,,,,,,,True,Lei de Acesso à Informação,2000,10
True,500,1.2mb,377,,,,,,,True,Lei de Acesso à Informação,2000,10
True,500,1.2mb,377,,,,,,,True,Lei de Acesso à Informação,2000,11
True,500,1.2mb,377,,,,,,,True,Lei de Acesso à Informação,2000,9
True,500,1.2mb,377,,,,,,,True,Lei de Acesso à Informação,2000,11
True,500,1.2mb,377,,,,,,,True,Lei de Acesso à Informação,2000,11
True,500,1.2mb,377,,,,,,,True,Lei de Acesso à Informação,2000,9
True,500,1.2mb,377,,,,,,,True,Lei de Acesso à Informação,2000,8
True,500,1.2mb,377,,,,,,,True,Lei de Acesso à Informação,2000,10
True,500,1.2mb,377,,,,,,,True,Lei de Acesso à Informação,2000,12
True,500,1.2mb,377,,,,,,,True,Lei de Acesso à Informação,2000,9
True,500,1.2mb,377,,,,,,,True,Lei de Acesso à Informação,2000,8
True,500,1.2mb,377,,,,,,,True,Lei de Acesso à Informação,2000,9
True,500,1.2mb,377,,,,,,,True,Lei de Acesso à Informação,2000,11
True,500,1.2mb,377,,,,,,,True,Lei de Acesso à Informação,2000,12
True,500,1.2mb,377,,,,,,,True,Lei de Acesso à Informação,2000,8
True,500,1.2mb,377,,,,,,,True,Lei de Acesso à Informação,2000,10
True,500,1.2mb,377,,,,,,,True,Lei de Acesso à Informação,2000,9
True,500,1.2mb,377,,,,,,,True,Lei de Acesso à Informação,2000,9
True,500,1.2mb,377,,,,,,,True,Lei de Acesso à Informação,2000,10
True,500,1.2mb,377,,,,,,,True,Lei de Acesso à Informação,2000,10
True,500,1.2mb,377,,,,,,,True,Lei de Acesso à Informação,2000,6
True,500,1.2mb,377,,,,,,,True,Lei de Acesso à Informação,2000,7
True,500,1.2mb,377,,,,,,,True,Lei de Acesso à Informação,2000,9
True,500,1.2mb,377,,,,,,,True,Lei de Acesso à Informação,2000,8
True,500,1.2mb,377,,,,,,,True,Lei de Acesso à Informação,2000,7
True,500,1.2mb,377,,,,,,,True,Lei de Acesso à Informação,2000,5
True,500,1.2mb,377,,,,,,,True,Lei de Acesso à Informação,2000,5
True,500,1.2mb,377,,,,,,,True,Lei de Acesso à Informação,2000,8
True,500,1.2mb,377,,,,,,,True,Lei de Acesso à Informação,2000,6
True,500,1.2mb,377,,,,,,,True,Lei de Acesso à Informação,2000,5
True,500,1.2mb,377,,,,,,,True,Lei de Acesso à Informação,2000,11
True,500,1.2mb,377,,,,,,,True,Lei de Acesso à Informação,2000,9
True,500,1.2mb,377,,,,,,,True,Lei de Acesso à Informação,2000,7
True,500,1.2mb,377,,,,,,,True,Lei de Acesso à Informação,2000,11
True,500,1.2mb,377,,,,,,,True,Lei de Acesso à Informação,2000,8
True,500,1.2mb,377,,,,,,,True,Lei de Acesso à Informação,2000,8
True,500,1.2mb,377,,,,,,,True,Lei de Acesso à Informação,2000,9
True,500,1.2mb,377,,,,,,,True,Lei de Acesso à Informação,2000,8
True,500,1.2mb,377,,,,,,,True,Lei de Acesso à Informação,2000,8
True,500,1.2mb,377,,,,,,,True,Lei de Acesso à Informação,2000,8
True,500,1.2mb,377,,,,,,,True,Lei de Acesso à Informação,2000,10
True,500,1.2mb,377,,,,,,,True,Lei de Acesso à Informação,2000,10
True,500,1.2mb,377,,,,,,,True,Lei de Acesso à Informação,2000,8
True,500,1.2mb,377,,,,,,,True,Lei de Acesso à Informação,2000,7
True,500,1.2mb,377,,,,,,,True,Lei de Acesso à Informação,2000,7
True,500,1.2mb,377,,,,,,,True,Lei de Acesso à Informação,2000,9
True,500,1.2mb,377,,,,,,,True,Lei de Acesso à Informação,2000,7
True,500,1.2mb,377,,,,,,,True,Lei de Acesso à Informação,2000,7
True,500,1.2mb,377,,,,,,,True,Lei de Acesso à Informação,2000,11
True,500,1.2mb,377,,,,,,,True,Lei de Acesso à Informação,2000,21
True,500,1.2mb,377,,,,,,,True,Lei de Acesso à Informação,2000,8
True,500,1.2mb,377,,,,,,,True,Lei de Acesso à Informação,2000,9
True,500,1.2mb,377,,,,,,,True,Lei de Acesso à Informação,2000,6
True,500,1.2mb,377,,,,,,,True,Lei de Acesso à Informação,2000,6
True,500,1.2mb,377,,,,,,,True,Lei de Acesso à Informação,2000,6
True,500,1.2mb,377,,,,,,,True,Lei de Acesso à Informação,2000,7
True,500,1.2mb,377,,,,,,,True,Lei de Acesso à Informação,2000,6
True,500,1.2mb,377,,,,,,,True,Lei de Acesso à Informação,2000,7
True,500,1.2mb,377,,,,,,,True,Lei de Acesso à Informação,2000,7
True,500,1.2mb,377,,,,,,,True,Lei de Acesso à Informação,2000,9
True,500,1.2mb,377,,,,,,,True,Lei de Acesso à Informação,2000,10
True,500,1.2mb,377,,,,,,,True,Lei de Acesso à Informação,2000,9
True,500,1.2mb,377,,,,,,,True,Lei de Acesso à Informação,2000,6
True,500,1.2mb,377,,,,,,,True,Lei de Acesso à Informação,2000,8
True,500,1.2mb,377,,,,,,,True,Lei de Acesso à Informação,2000,7
True,500,1.2mb,377,,,,,,,True,Lei de Acesso à Informação,2000,7
True,500,1.2mb,377,,,,,,,True,Lei de Acesso à Informação,2000,6
True,500,1.2mb,377,,,,,,,True,Lei de Acesso à Informação,2000,7
True,500,1.2mb,377,,,,,,,True,Lei de Acesso à Informação,2000,7
True,500,1.2mb,377,,,,,,,True,Lei de Acesso à Informação,2000,6
True,500,1.2mb,377,,,,,,,True,Lei de Acesso à Informação,2000,4
True,500,1.2mb,377,,,,,,,True,Lei de Acesso à Informação,2000,19
True,500,1.2mb,377,,,,,,,True,Lei de Acesso à Informação,2000,5
True,500,1.2mb,377,,,,,,,True,Lei de Acesso à Informação,2000,5
True,500,1.2mb,377,,,,,,,True,Lei de Acesso à Informação,2000,5
True,500,1.2mb,377,,,,,,,True,Lei de Acesso à Informação,2000,6
True,500,1.2mb,377,,,,,,,True,Lei de Acesso à Informação,2000,6
True,500,1.2mb,377,,,,Lei de Acesso à Informação,3,77,,,,
True,500,1.2mb,377,,,,Lei de Acesso à Informação,4,77,,,,
True,500,1.2mb,377,,,,Lei de Acesso à Informação,3,77,,,,
True,500,1.2mb,377,,,,Lei de Acesso à Informação,3,77,,,,
True,500,1.2mb,377,,,,Lei de Acesso à Informação,3,77,,,,
True,500,1.2mb,377,,,,Lei de Acesso à Informação,3,77,,,,
True,500,1.2mb,377,,,,Lei de Acesso à Informação,6,77,,,,
True,500,1.2mb,377,,,,Lei de Acesso à Informação,4,77,,,,
True,500,1.2mb,377,,,,Lei de Acesso à Informação,4,77,,,,
True,500,1.2mb,377,,,,Lei de Acesso à Informação,3,77,,,,
True,500,1.2mb,377,,,,Lei de Acesso à Informação,2,77,,,,
True,500,1.2mb,377,,,,Lei de Acesso à Informação,3,77,,,,
True,500,1.2mb,377,,,,Lei de Acesso à Informação,3,77,,,,
True,500,1.2mb,377,,,,Lei de Acesso à Informação,2,77,,,,
True,500,1.2mb,377,,,,Lei de Acesso à Informação,3,77,,,,
True,500,1.2mb,377,,,,Lei de Acesso à Informação,3,77,,,,
True,500,1.2mb,377,,,,Lei de Acesso à Informação,4,77,,,,
True,500,1.2mb,377,,,,Lei de Acesso à Informação,2,77,,,,
True,500,1.2mb,377,,,,Lei de Acesso à Informação,3,77,,,,
True,500,1.2mb,377,,,,Lei de Acesso à Informação,4,77,,,,
True,500,1.2mb,377,,,,Lei de Acesso à Informação,2,77,,,,
True,500,1.2mb,377,,,,Lei de Acesso à Informação,2,77,,,,
True,500,1.2mb,377,,,,Lei de Acesso à Informação,4,77,,,,
True,500,1.2mb,377,,,,Lei de Acesso à Informação,4,77,,,,
True,500,1.2mb,377,,,,Lei de Acesso à Informação,4,77,,,,
True,500,1.2mb,377,,,,Lei de Acesso à Informação,2,77,,,,
True,500,1.2mb,377,,,,Lei de Acesso à Informação,3,77,,,,
True,500,1.2mb,377,,,,Lei de Acesso à Informação,3,77,,,,
True,500,1.2mb,377,,,,Lei de Acesso à Informação,4,77,,,,
True,500,1.2mb,377,,,,Lei de Acesso à Informação,2,77,,,,
True,500,1.2mb,377,,,,Lei de Acesso à Informação,2,77,,,,
True,500,1.2mb,377,,,,Lei de Acesso à Informação,4,77,,,,
True,500,1.2mb,377,,,,Lei de Acesso à Informação,4,77,,,,
True,500,1.2mb,377,,,,Lei de Acesso à Informação,4,77,,,,
True,500,1.2mb,377,,,,Lei de Acesso à Informação,3,77,,,,
True,500,1.2mb,377,,,,Lei de Acesso à Informação,2,77,,,,
True,500,1.2mb,377,,,,Lei de Acesso à Informação,3,77,,,,
True,500,1.2mb,377,,,,Lei de Acesso à Informação,2,77,,,,
True,500,1.2mb,377,,,,Lei de Acesso à Informação,4,77,,,,
True,500,1.2mb,377,,,,Lei de Acesso à Informação,4,77,,,,
True,500,1.2mb,377,,,,Lei de Acesso à Informação,3,77,,,,
True,500,1.2mb,377,,,,Lei de Acesso à Informação,2,77,,,,
True,500,1.2mb,377,,,,Lei de Acesso à Informação,2,77,,,,
True,500,1.2mb,377,,,,Lei de Acesso à Informação,4,77,,,,
True,500,1.2mb,377,,,,Lei de Acesso à Informação,3,77,,,,
True,500,1.2mb,377,,,,Lei de Acesso à Informação,2,77,,,,
True,500,1.2mb,377,,,,Lei de Acesso à Informação,4,77,,,,
True,500,1.2mb,377,,,,Lei de Acesso à Informação,3,77,,,,
True,500,1.2mb,377,,,,Lei de Acesso à Informação,2,77,,,,
True,500,1.2mb,377,,,,Lei de Acesso à Informação,2,77,,,,
True,500,1.2mb,377,,,,Lei de Acesso à Informação,4,77,,,,
True,500,1.2mb,377,,,,Lei de Acesso à Informação,4,77,,,,
True,500,1.2mb,377,,,,Lei de Acesso à Informação,4,77,,,,
True,500,1.2mb,377,,,,Lei de Acesso à Informação,2,77,,,,
True,500,1.2mb,377,,,,Lei de Acesso à Informação,2,77,,,,
True,500,1.2mb,377,,,,Lei de Acesso à Informação,3,77,,,,
True,500,1.2mb,377,,,,Lei de Acesso à Informação,2,77,,,,
True,500,1.2mb,377,,,,Lei de Acesso à Informação,3,77,,,,
True,500,1.2mb,377,,,,Lei de Acesso à Informação,3,77,,,,
True,500,1.2mb,377,,,,Lei de Acesso à Informação,2,77,,,,
True,500,1.2mb,377,,,,Lei de Acesso à Informação,4,77,,,,
True,500,1.2mb,377,,,,Lei de Acesso à Informação,3,77,,,,
True,500,1.2mb,377,,,,Lei de Acesso à Informação,3,77,,,,
True,500,1.2mb,377,,,,Lei de Acesso à Informação,4,77,,,,
True,500,1.2mb,377,,,,Lei de Acesso à Informação,2,77,,,,
True,500,1.2mb,377,,,,Lei de Acesso à Informação,3,77,,,,
True,500,1.2mb,377,,,,Lei de Acesso à Informação,2,77,,,,
True,500,1.2mb,377,,,,Lei de Acesso à Informação,4,77,,,,
True,500,1.2mb,377,,,,Lei de Acesso à Informação,3,77,,,,
True,500,1.2mb,377,,,,Lei de Acesso à Informação,3,77,,,,
True,500,1.2mb,377,,,,Lei de Acesso à Informação,2,77,,,,
True,500,1.2mb,377,,,,Lei de Acesso à Informação,3,77,,,,
True,500,1.2mb,377,,,,Lei de Acesso à Informação,3,77,,,,
True,500,1.2mb,377,,,,Lei de Acesso à Informação,4,77,,,,
True,500,1.2mb,377,,,,Lei de Acesso à Informação,3,77,,,,
True,500,1.2mb,377,,,,Lei de Acesso à Informação,2,77,,,,
True,500,1.2mb,377,,,,Lei de Acesso à Informação,3,77,,,,
True,500,1.2mb,377,,,,Lei de Acesso à Informação,5,77,,,,
True,500,1.2mb,377,,,,Lei de Acesso à Informação,2,77,,,,
True,500,1.2mb,377,,,,Lei de Acesso à Informação,3,77,,,,
True,500,1.2mb,377,,,,Lei de Acesso à Informação,2,77,,,,
True,500,1.2mb,377,,,,Lei de Acesso à Informação,3,77,,,,
True,500,1.2mb,377,,,,Lei de Acesso à Informação,3,77,,,,
True,500,1.2mb,377,,,,Lei de Acesso à Informação,2,77,,,,
True,500,1.2mb,377,,,,Lei de Acesso à Informação,3,77,,,,
True,500,1.2mb,377,,,,Lei de Acesso à Informação,3,77,,,,
True,500,1.2mb,377,,,,Lei de Acesso à Informação,2,77,,,,
True,500,1.2mb,377,,,,Lei de Acesso à Informação,2,77,,,,
True,500,1.2mb,377,,,,Lei de Acesso à Informação,3,77,,,,
True,500,1.2mb,377,,,,Lei de Acesso à Informação,3,77,,,,
True,500,1.2mb,377,,,,Lei de Acesso à Informação,2,77,,,,
True,500,1.2mb,377,,,,Lei de Acesso à Informação,3,77,,,,
True,500,1.2mb,377,,,,Lei de Acesso à Informação,2,77,,,,
True,500,1.2mb,377,,,,Lei de Acesso à Informação,2,77,,,,
True,500,1.2mb,377,,,,Lei de Acesso à Informação,5,77,,,,
True,500,1.2mb,377,,,,Lei de Acesso à Informação,2,77,,,,
True,500,1.2mb,377,,,,Lei de Acesso à Informação,2,77,,,,
True,500,1.2mb,377,,,,Lei de Acesso à Informação,3,77,,,,
True,500,1.2mb,377,,,,Lei de Acesso à Informação,2,77,,,,
True,500,1.2mb,377,,,,Lei de Acesso à Informação,2,77,,,,
True,500,1.2mb,377,,,,LAI,1,0,,,,
True,500,1.2mb,377,,,,LAI,1,0,,,,
True,500,1.2mb,377,,,,LAI,1,0,,,,
True,500,1.2mb,377,,,,LAI,1,0,,,,
True,500,1.2mb,377,,,,LAI,1,0,,,,
True,500,1.2mb,377,,,,LAI,1,0,,,,
True,500,1.2mb,377,,,,LAI,1,0,,,,
True,500,1.2mb,377,,,,LAI,1,0,,,,
True,500,1.2mb,377,,,,LAI,2,0,,,,
True,500,1.2mb,377,,,,LAI,1,0,,,,
True,500,1.2mb,377,,,,LAI,1,0,,,,
True,500,1.2mb,377,,,,LAI,1,0,,,,
True,500,1.2mb,377,,,,LAI,1,0,,,,
True,500,1.2mb,377,,,,LAI,2,0,,,,
True,500,1.2mb,377,,,,LAI,1,0,,,,
True,500,1.2mb,377,,,,LAI,2,0,,,,
True,500,1.2mb,377,,,,LAI,1,0,,,,
True,500,1.2mb,377,,,,LAI,2,0,,,,
True,500,1.2mb,377,,,,LAI,1,0,,,,
True,500,1.2mb,377,,,,LAI,2,0,,,,
True,500,1.2mb,377,,,,LAI,3,0,,,,
True,500,1.2mb,377,,,,LAI,2,0,,,,
True,500,1.2mb,377,,,,LAI,2,0,,,,
True,500,1.2mb,377,,,,LAI,3,0,,,,
True,500,1.2mb,377,,,,LAI,1,0,,,,
True,500,1.2mb,377,,,,LAI,1,0,,,,
True,500,1.2mb,377,,,,LAI,2,0,,,,
True,500,1.2mb,377,,,,LAI,1,0,,,,
True,500,1.2mb,377,,,,LAI,1,0,,,,
True,500,1.2mb,377,,,,LAI,1,0,,,,
True,500,1.2mb,377,,,,LAI,2,0,,,,
True,500,1.2mb,377,,,,LAI,2,0,,,,
True,500,1.2mb,377,,,,LAI,2,0,,,,
True,500,1.2mb,377,,,,LAI,2,0,,,,
True,500,1.2mb,377,,,,LAI,3,0,,,,
True,500,1.2mb,377,,,,LAI,3,0,,,,
True,500,1.2mb,377,,,,LAI,3,0,,,,
True,500,1.2mb,377,,,,LAI,1,0,,,,
True,500,1.2mb,377,,,,LAI,1,0,,,,
True,500,1.2mb,377,,,,LAI,1,0,,,,
True,500,1.2mb,377,,,,LAI,2,0,,,,
True,500,1.2mb,377,,,,LAI,2,0,,,,
True,500,1.2mb,377,,,,LAI,1,0,,,,
True,500,1.2mb,377,,,,LAI,1,0,,,,
True,500,1.2mb,377,,,,LAI,2,0,,,,
True,500,1.2mb,377,,,,LAI,1,0,,,,
True,500,1.2mb,377,,,,LAI,2,0,,,,
True,500,1.2mb,377,,,,LAI,1,0,,,,
True,500,1.2mb,377,,,,LAI,2,0,,,,
True,500,1.2mb,377,,,,LAI,2,0,,,,
True,500,1.2mb,377,,,,LAI,1,0,,,,
True,500,1.2mb,377,,,,LAI,2,0,,,,
True,500,1.2mb,377,,,,LAI,1,0,,,,
True,500,1.2mb,377,,,,LAI,1,0,,,,
True,500,1.2mb,377,,,,LAI,2,0,,,,
True,500,1.2mb,377,,,,LAI,1,0,,,,
True,500,1.2mb,377,,,,LAI,2,0,,,,
True,500,1.2mb,377,,,,LAI,1,0,,,,
True,500,1.2mb,377,,,,LAI,2,0,,,,
True,500,1.2mb,377,,,,LAI,1,0,,,,
True,500,1.2mb,377,,,,LAI,2,0,,,,
True,500,1.2mb,377,,,,LAI,1,0,,,,
True,500,1.2mb,377,,,,LAI,1,0,,,,
True,500,1.2mb,377,,,,LAI,2,0,,,,
True,500,1.2mb,377,,,,LAI,2,0,,,,
True,500,1.2mb,377,,,,LAI,2,0,,,,
True,500,1.2mb,377,,,,LAI,1,0,,,,
True,500,1.2mb,377,,,,LAI,2,0,,,,
True,500,1.2mb,377,,,,LAI,1,0,,,,
True,500,1.2mb,377,,,,LAI,2,0,,,,
True,500,1.2mb,377,,,,LAI,2,0,,,,
True,500,1.2mb,377,,,,LAI,1,0,,,,
True,500,1.2mb,377,,,,LAI,3,0,,,,
True,500,1.2mb,377,,,,LAI,2,0,,,,
True,500,1.2mb,377,,,,LAI,1,0,,,,
True,500,1.2mb,377,,,,LAI,2,0,,,,
True,500,1.2mb,377,,,,LAI,1,0,,,,
True,500,1.2mb,377,,,,LAI,1,0,,,,
True,500,1.2mb,377,,,,LAI,3,0,,,,
True,500,1.2mb,377,,,,LAI,2,0,,,,
True,500,1.2mb,377,,,,LAI,5,0,,,,
True,500,1.2mb,377,,,,LAI,1,0,,,,
True,500,1.2mb,377,,,,LAI,2,0,,,,
True,500,1.2mb,377,,,,LAI,2,0,,,,
True,500,1.2mb,377,,,,LAI,1,0,,,,
True,500,1.2mb,377,,,,LAI,2,0,,,,
True,500,1.2mb,377,,,,LAI,1,0,,,,
True,500,1.2mb,377,,,,LAI,1,0,,,,
True,500,1.2mb,377,,,,LAI,1,0,,,,
True,500,1.2mb,377,,,,LAI,2,0,,,,
True,500,1.2mb,377,,,,LAI,1,0,,,,
True,500,1.2mb,377,,,,LAI,1,0,,,,
True,500,1.2mb,377,,,,LAI,2,0,,,,
True,500,1.2mb,377,,,,LAI,2,0,,,,
True,500,1.2mb,377,,,,LAI,2,0,,,,
True,500,1.2mb,377,,,,LAI,1,0,,,,
True,500,1.2mb,377,,,,LAI,1,0,,,,
True,500,1.2mb,377,,,,LAI,1,0,,,,
True,500,1.2mb,377,,,,LAI,2,0,,,,
True,500,1.2mb,377,,,,LAI,2,0,,,,
True,500,1.2mb,377,,,,Lei Geral de Proteção de Dados Pessoais,4,81,,,,
True,500,1.2mb,377,,,,Lei Geral de Proteção de Dados Pessoais,2,81,,,,
True,500,1.2mb,377,,,,Lei Geral de Proteção de Dados Pessoais,2,81,,,,
True,500,1.2mb,377,,,,Lei Geral de Proteção de Dados Pessoais,2,81,,,,
True,500,1.2mb,377,,,,Lei Geral de Proteção de Dados Pessoais,4,81,,,,
True,500,1.2mb,377,,,,Lei Geral de Proteção de Dados Pessoais,3,81,,,,
True,500,1.2mb,377,,,,Lei Geral de Proteção de Dados Pessoais,2,81,,,,
True,500,1.2mb,377,,,,Lei Geral de Proteção de Dados Pessoais,2,81,,,,
True,500,1.2mb,377,,,,Lei Geral de Proteção de Dados Pessoais,4,81,,,,
True,500,1.2mb,377,,,,Lei Geral de Proteção de Dados Pessoais,2,81,,,,
True,500,1.2mb,377,,,,Lei Geral de Proteção de Dados Pessoais,2,81,,,,
True,500,1.2mb,377,,,,Lei Geral de Proteção de Dados Pessoais,3,81,,,,
True,500,1.2mb,377,,,,Lei Geral de Proteção de Dados Pessoais,4,81,,,,
True,500,1.2mb,377,,,,Lei Geral de Proteção de Dados Pessoais,3,81,,,,
True,500,1.2mb,377,,,,Lei Geral de Proteção de Dados Pessoais,2,81,,,,
True,500,1.2mb,377,,,,Lei Geral de Proteção de Dados Pessoais,2,81,,,,
True,500,1.2mb,377,,,,Lei Geral de Proteção de Dados Pessoais,2,81,,,,
True,500,1.2mb,377,,,,Lei Geral de Proteção de Dados Pessoais,3,81,,,,
True,500,1.2mb,377,,,,Lei Geral de Proteção de Dados Pessoais,3,81,,,,
True,500,1.2mb,377,,,,Lei Geral de Proteção de Dados Pessoais,3,81,,,,
True,500,1.2mb,377,,,,Lei Geral de Proteção de Dados Pessoais,3,81,,,,
True,500,1.2mb,377,,,,Lei Geral de Proteção de Dados Pessoais,2,81,,,,
True,500,1.2mb,377,,,,Lei Geral de Proteção de Dados Pessoais,2,81,,,,
True,500,1.2mb,377,,,,Lei Geral de Proteção de Dados Pessoais,3,81,,,,
True,500,1.2mb,377,,,,Lei Geral de Proteção de Dados Pessoais,2,81,,,,
True,500,1.2mb,377,,,,Lei Geral de Proteção de Dados Pessoais,3,81,,,,
True,500,1.2mb,377,,,,Lei Geral de Proteção de Dados Pessoais,2,81,,,,
True,500,1.2mb,377,,,,Lei Geral de Proteção de Dados Pessoais,2,81,,,,
True,500,1.2mb,377,,,,Lei Geral de Proteção de Dados Pessoais,3,81,,,,
True,500,1.2mb,377,,,,Lei Geral de Proteção de Dados Pessoais,2,81,,,,
True,500,1.2mb,377,,,,Lei Geral de Proteção de Dados Pessoais,3,81,,,,
True,500,1.2mb,377,,,,Lei Geral de Proteção de Dados Pessoais,3,81,,,,
True,500,1.2mb,377,,,,Lei Geral de Proteção de Dados Pessoais,4,81,,,,
True,500,1.2mb,377,,,,Lei Geral de Proteção de Dados Pessoais,2,81,,,,
True,500,1.2mb,377,,,,Lei Geral de Proteção de Dados Pessoais,3,81,,,,
True,500,1.2mb,377,,,,Lei Geral de Proteção de Dados Pessoais,3,81,,,,
True,500,1.2mb,377,,,,Lei Geral de Proteção de Dados Pessoais,5,81,,,,
True,500,1.2mb,377,,,,Lei Geral de Proteção de Dados Pessoais,6,81,,,,
True,500,1.2mb,377,,,,Lei Geral de Proteção de Dados Pessoais,4,81,,,,
True,500,1.2mb,377,,,,Lei Geral de Proteção de Dados Pessoais,3,81,,,,
True,500,1.2mb,377,,,,Lei Geral de Proteção de Dados Pessoais,7,81,,,,
True,500,1.2mb,377,,,,Lei Geral de Proteção de Dados Pessoais,3,81,,,,
True,500,1.2mb,377,,,,Lei Geral de Proteção de Dados Pessoais,3,81,,,,
True,500,1.2mb,377,,,,Lei Geral de Proteção de Dados Pessoais,3,81,,,,
True,500,1.2mb,377,,,,Lei Geral de Proteção de Dados Pessoais,2,81,,,,
True,500,1.2mb,377,,,,Lei Geral de Proteção de Dados Pessoais,2,81,,,,
True,500,1.2mb,377,,,,Lei Geral de Proteção de Dados Pessoais,3,81,,,,
True,500,1.2mb,377,,,,Lei Geral de Proteção de Dados Pessoais,4,81,,,,
True,500,1.2mb,377,,,,Lei Geral de Proteção de Dados Pessoais,2,81,,,,
True,500,1.2mb,377,,,,Lei Geral de Proteção de Dados Pessoais,3,81,,,,
True,500,1.2mb,377,,,,Lei Geral de Proteção de Dados Pessoais,3,81,,,,
True,500,1.2mb,377,,,,Lei Geral de Proteção de Dados Pessoais,2,81,,,,
True,500,1.2mb,377,,,,Lei Geral de Proteção de Dados Pessoais,2,81,,,,
True,500,1.2mb,377,,,,Lei Geral de Proteção de Dados Pessoais,4,81,,,,
True,500,1.2mb,377,,,,Lei Geral de Proteção de Dados Pessoais,3,81,,,,
True,500,1.2mb,377,,,,Lei Geral de Proteção de Dados Pessoais,2,81,,,,
True,500,1.2mb,377,,,,Lei Geral de Proteção de Dados Pessoais,3,81,,,,
True,500,1.2mb,377,,,,Lei Geral de Proteção de Dados Pessoais,2,81,,,,
True,500,1.2mb,377,,,,Lei Geral de Proteção de Dados Pessoais,2,81,,,,
True,500,1.2mb,377,,,,Lei Geral de Proteção de Dados Pessoais,2,81,,,,
True,500,1.2mb,377,,,,Lei Geral de Proteção de Dados Pessoais,2,81,,,,
True,500,1.2mb,377,,,,Lei Geral de Proteção de Dados Pessoais,2,81,,,,
True,500,1.2mb,377,,,,Lei Geral de Proteção de Dados Pessoais,2,81,,,,
True,500,1.2mb,377,,,,Lei Geral de Proteção de Dados Pessoais,4,81,,,,
True,500,1.2mb,377,,,,Lei Geral de Proteção de Dados Pessoais,4,81,,,,
True,500,1.2mb,377,,,,Lei Geral de Proteção de Dados Pessoais,2,81,,,,
True,500,1.2mb,377,,,,Lei Geral de Proteção de Dados Pessoais,2,81,,,,
True,500,1.2mb,377,,,,Lei Geral de Proteção de Dados Pessoais,2,81,,,,
True,500,1.2mb,377,,,,Lei Geral de Proteção de Dados Pessoais,4,81,,,,
True,500,1.2mb,377,,,,Lei Geral de Proteção de Dados Pessoais,3,81,,,,
True,500,1.2mb,377,,,,Lei Geral de Proteção de Dados Pessoais,2,81,,,,
True,500,1.2mb,377,,,,Lei Geral de Proteção de Dados Pessoais,3,81,,,,
True,500,1.2mb,377,,,,Lei Geral de Proteção de Dados Pessoais,2,81,,,,
True,500,1.2mb,377,,,,Lei Geral de Proteção de Dados Pessoais,4,81,,,,
True,500,1.2mb,377,,,,Lei Geral de Proteção de Dados Pessoais,2,81,,,,
True,500,1.2mb,377,,,,Lei Geral de Proteção de Dados Pessoais,2,81,,,,
True,500,1.2mb,377,,,,Lei Geral de Proteção de Dados Pessoais,4,81,,,,
True,500,1.2mb,377,,,,Lei Geral de Proteção de Dados Pessoais,2,81,,,,
True,500,1.2mb,377,,,,Lei Geral de Proteção de Dados Pessoais,2,81,,,,
True,500,1.2mb,377,,,,Lei Geral de Proteção de Dados Pessoais,3,81,,,,
True,500,1.2mb,377,,,,Lei Geral de Proteção de Dados Pessoais,2,81,,,,
True,500,1.2mb,377,,,,Lei Geral de Proteção de Dados Pessoais,3,81,,,,
True,500,1.2mb,377,,,,Lei Geral de Proteção de Dados Pessoais,3,81,,,,
True,500,1.2mb,377,,,,Lei Geral de Proteção de Dados Pessoais,2,81,,,,
True,500,1.2mb,377,,,,Lei Geral de Proteção de Dados Pessoais,2,81,,,,
True,500,1.2mb,377,,,,Lei Geral de Proteção de Dados Pessoais,2,81,,,,
True,500,1.2mb,377,,,,Lei Geral de Proteção de Dados Pessoais,2,81,,,,
True,500,1.2mb,377,,,,Lei Geral de Proteção de Dados Pessoais,3,81,,,,
True,500,1.2mb,377,,,,Lei Geral de Proteção de Dados Pessoais,3,81,,,,
True,500,1.2mb,377,,,,Lei Geral de Proteção de Dados Pessoais,2,81,,,,
True,500,1.2mb,377,,,,Lei Geral de Proteção de Dados Pessoais,2,81,,,,
True,500,1.2mb,377,,,,Lei Geral de Proteção de Dados Pessoais,3,81,,,,
True,500,1.2mb,377,,,,Lei Geral de Proteção de Dados Pessoais,2,81,,,,
True,500,1.2mb,377,,,,Lei Geral de Proteção de Dados Pessoais,2,81,,,,
True,500,1.2mb,377,,,,Lei Geral de Proteção de Dados Pessoais,2,81,,,,
True,500,1.2mb,377,,,,Lei Geral de Proteção de Dados Pessoais,2,81,,,,
True,500,1.2mb,377,,,,Lei Geral de Proteção de Dados Pessoais,2,81,,,,
True,500,1.2mb,377,,,,Lei Geral de Proteção de Dados Pessoais,2,81,,,,
True,500,1.2mb,377,,,,Lei Geral de Proteção de Dados Pessoais,3,81,,,,
True,500,1.2mb,377,,,,Lei Geral de Proteção de Dados Pessoais,2,81,,,,
True,500,1.2mb,377,,,,LGPD,1,0,,,,
True,500,1.2mb,377,,,,LGPD,2,0,,,,
True,500,1.2mb,377,,,,LGPD,2,0,,,,
True,500,1.2mb,377,,,,LGPD,2,0,,,,
True,500,1.2mb,377,,,,LGPD,2,0,,,,
True,500,1.2mb,377,,,,LGPD,1,0,,,,
True,500,1.2mb,377,,,,LGPD,2,0,,,,
True,500,1.2mb,377,,,,LGPD,1,0,,,,
True,500,1.2mb,377,,,,LGPD,2,0,,,,
True,500,1.2mb,377,,,,LGPD,2,0,,,,
True,500,1.2mb,377,,,,LGPD,1,0,,,,
True,500,1.2mb,377,,,,LGPD,1,0,,,,
True,500,1.2mb,377,,,,LGPD,2,0,,,,
True,500,1.2mb,377,,,,LGPD,1,0,,,,
True,500,1.2mb,377,,,,LGPD,2,0,,,,
True,500,1.2mb,377,,,,LGPD,1,0,,,,
True,500,1.2mb,377,,,,LGPD,2,0,,,,
True,500,1.2mb,377,,,,LGPD,1,0,,,,
True,500,1.2mb,377,,,,LGPD,1,0,,,,
True,500,1.2mb,377,,,,LGPD,2,0,,,,
True,500,1.2mb,377,,,,LGPD,1,0,,,,
True,500,1.2mb,377,,,,LGPD,2,0,,,,
True,500,1.2mb,377,,,,LGPD,1,0,,,,
True,500,1.2mb,377,,,,LGPD,2,0,,,,
True,500,1.2mb,377,,,,LGPD,1,0,,,,
True,500,1.2mb,377,,,,LGPD,10,0,,,,
True,500,1.2mb,377,,,,LGPD,2,0,,,,
True,500,1.2mb,377,,,,LGPD,1,0,,,,
True,500,1.2mb,377,,,,LGPD,1,0,,,,
True,500,1.2mb,377,,,,LGPD,1,0,,,,
True,500,1.2mb,377,,,,LGPD,1,0,,,,
True,500,1.2mb,377,,,,LGPD,2,0,,,,
True,500,1.2mb,377,,,,LGPD,1,0,,,,
True,500,1.2mb,377,,,,LGPD,1,0,,,,
True,500,1.2mb,377,,,,LGPD,2,0,,,,
True,500,1.2mb,377,,,,LGPD,1,0,,,,
True,500,1.2mb,377,,,,LGPD,1,0,,,,
True,500,1.2mb,377,,,,LGPD,1,0,,,,
True,500,1.2mb,377,,,,LGPD,1,0,,,,
True,500,1.2mb,377,,,,LGPD,1,0,,,,
True,500,1.2mb,377,,,,LGPD,1,0,,,,
True,500,1.2mb,377,,,,LGPD,1,0,,,,
True,500,1.2mb,377,,,,LGPD,1,0,,,,
True,500,1.2mb,377,,,,LGPD,1,0,,,,
True,500,1.2mb,377,,,,LGPD,1,0,,,,
True,500,1.2mb,377,,,,LGPD,1,0,,,,
True,500,1.2mb,377,,,,LGPD,1,0,,,,
True,500,1.2mb,377,,,,LGPD,1,0,,,,
True,500,1.2mb,377,,,,LGPD,1,0,,,,
True,500,1.2mb,377,,,,LGPD,2,0,,,,
True,500,1.2mb,377,,,,LGPD,1,0,,,,
True,500,1.2mb,377,,,,LGPD,2,0,,,,
True,500,1.2mb,377,,,,LGPD,1,0,,,,
True,500,1.2mb,377,,,,LGPD,1,0,,,,
True,500,1.2mb,377,,,,LGPD,1,0,,,,
True,500,1.2mb,377,,,,LGPD,1,0,,,,
True,500,1.2mb,377,,,,LGPD,1,0,,,,
True,500,1.2mb,377,,,,LGPD,1,0,,,,
True,500,1.2mb,377,,,,LGPD,18,0,,,,
True,500,1.2mb,377,,,,LGPD,1,0,,,,
True,500,1.2mb,377,,,,LGPD,1,0,,,,
True,500,1.2mb,377,,,,LGPD,1,0,,,,
True,500,1.2mb,377,,,,LGPD,1,0,,,,
True,500,1.2mb,377,,,,LGPD,2,0,,,,
True,500,1.2mb,377,,,,LGPD,1,0,,,,
True,500,1.2mb,377,,,,LGPD,2,0,,,,
True,500,1.2mb,377,,,,LGPD,1,0,,,,
True,500,1.2mb,377,,,,LGPD,1,0,,,,
True,500,1.2mb,377,,,,LGPD,1,0,,,,
True,500,1.2mb,377,,,,LGPD,1,0,,,,
True,500,1.2mb,377,,,,LGPD,1,0,,,,
True,500,1.2mb,377,,,,LGPD,2,0,,,,
True,500,1.2mb,377,,,,LGPD,1,0,,,,
True,500,1.2mb,377,,,,LGPD,1,0,,,,
True,500,1.2mb,377,,,,LGPD,1,0,,,,
True,500,1.2mb,377,,,,LGPD,2,0,,,,
True,500,1.2mb,377,,,,LGPD,1,0,,,,
True,500,1.2mb,377,,,,LGPD,1,0,,,,
True,500,1.2mb,377,,,,LGPD,1,0,,,,
True,500,1.2mb,377,,,,LGPD,1,0,,,,
True,500,1.2mb,377,,,,LGPD,2,0,,,,
True,500,1.2mb,377,,,,LGPD,1,0,,,,
True,500,1.2mb,377,,,,LGPD,2,0,,,,
True,500,1.2mb,377,,,,LGPD,1,0,,,,
True,500,1.2mb,377,,,,LGPD,1,0,,,,
True,500,1.2mb,377,,,,LGPD,7,0,,,,
True,500,1.2mb,377,,,,LGPD,1,0,,,,
True,500,1.2mb,377,,,,LGPD,3,0,,,,
True,500,1.2mb,377,,,,LGPD,2,0,,,,
True,500,1.2mb,377,,,,LGPD,1,0,,,,
True,500,1.2mb,377,,,,LGPD,1,0,,,,
True,500,1.2mb,377,,,,LGPD,1,0,,,,
True,500,1.2mb,377,,,,LGPD,1,0,,,,
True,500,1.2mb,377,,,,LGPD,1,0,,,,
True,500,1.2mb,377,,,,LGPD,2,0,,,,
True,500,1.2mb,377,,,,LGPD,1,0,,,,
True,500,1.2mb,377,,,,LGPD,1,0,,,,
True,500,1.2mb,377,,,,LGPD,1,0,,,,
True,500,1.2mb,377,,,,LGPD,1,0,,,,
True,500,1.2mb,377,,,,LGPD,1,0,,,,
True,500,1.2mb,377,,,,Política Nacional de Resíduos Sólidos,5,3,,,,
True,500,1.2mb,377,,,,Política Nacional de Resíduos Sólidos,3,3,,,,
True,500,1.2mb,377,,,,Política Nacional de Resíduos Sólidos,3,3,,,,
True,500,1.2mb,377,,,,Política Nacional de Resíduos Sólidos,2,3,,,,
True,500,1.2mb,377,,,,Política Nacional de Resíduos Sólidos,2,3,,,,
True,500,1.2mb,377,,,,Política Nacional de Resíduos Sólidos,2,3,,,,
True,500,1.2mb,377,,,,Política Nacional de Resíduos Sólidos,2,3,,,,
True,500,1.2mb,377,,,,Política Nacional de Resíduos Sólidos,2,3,,,,
True,500,1.2mb,377,,,,Política Nacional de Resíduos Sólidos,3,3,,,,
True,500,1.2mb,377,,,,Política Nacional de Resíduos Sólidos,3,3,,,,
True,500,1.2mb,377,,,,Política Nacional de Resíduos Sólidos,2,3,,,,
True,500,1.2mb,377,,,,Política Nacional de Resíduos Sólidos,2,3,,,,
True,500,1.2mb,377,,,,Política Nacional de Resíduos Sólidos,3,3,,,,
True,500,1.2mb,377,,,,Política Nacional de Resíduos Sólidos,2,3,,,,
True,500,1.2mb,377,,,,Política Nacional de Resíduos Sólidos,2,3,,,,
True,500,1.2mb,377,,,,Política Nacional de Resíduos Sólidos,2,3,,,,
True,500,1.2mb,377,,,,Política Nacional de Resíduos Sólidos,3,3,,,,
True,500,1.2mb,377,,,,Política Nacional de Resíduos Sólidos,2,3,,,,
True,500,1.2mb,377,,,,Política Nacional de Resíduos Sólidos,2,3,,,,
True,500,1.2mb,377,,,,Política Nacional de Resíduos Sólidos,3,3,,,,
True,500,1.2mb,377,,,,Política Nacional de Resíduos Sólidos,2,3,,,,
True,500,1.2mb,377,,,,Política Nacional de Resíduos Sólidos,3,3,,,,
True,500,1.2mb,377,,,,Política Nacional de Resíduos Sólidos,3,3,,,,
True,500,1.2mb,377,,,,Política Nacional de Resíduos Sólidos,3,3,,,,
True,500,1.2mb,377,,,,Política Nacional de Resíduos Sólidos,3,3,,,,
True,500,1.2mb,377,,,,Política Nacional de Resíduos Sólidos,2,3,,,,
True,500,1.2mb,377,,,,Política Nacional de Resíduos Sólidos,3,3,,,,
True,500,1.2mb,377,,,,Política Nacional de Resíduos Sólidos,4,3,,,,
True,500,1.2mb,377,,,,Política Nacional de Resíduos Sólidos,3,3,,,,
True,500,1.2mb,377,,,,Política Nacional de Resíduos Sólidos,3,3,,,,
True,500,1.2mb,377,,,,Política Nacional de Resíduos Sólidos,2,3,,,,
True,500,1.2mb,377,,,,Política Nacional de Resíduos Sólidos,2,3,,,,
True,500,1.2mb,377,,,,Política Nacional de Resíduos Sólidos,3,3,,,,
True,500,1.2mb,377,,,,Política Nacional de Resíduos Sólidos,2,3,,,,
True,500,1.2mb,377,,,,Política Nacional de Resíduos Sólidos,4,3,,,,
True,500,1.2mb,377,,,,Política Nacional de Resíduos Sólidos,3,3,,,,
True,500,1.2mb,377,,,,Política Nacional de Resíduos Sólidos,3,3,,,,
True,500,1.2mb,377,,,,Política Nacional de Resíduos Sólidos,3,3,,,,
True,500,1.2mb,377,,,,Política Nacional de Resíduos Sólidos,2,3,,,,
True,500,1.2mb,377,,,,Política Nacional de Resíduos Sólidos,2,3,,,,
True,500,1.2mb,377,,,,Política Nacional de Resíduos Sólidos,3,3,,,,
True,500,1.2mb,377,,,,Política Nacional de Resíduos Sólidos,2,3,,,,
True,500,1.2mb,377,,,,Política Nacional de Resíduos Sólidos,2,3,,,,
True,500,1.2mb,377,,,,Política Nacional de Resíduos Sólidos,2,3,,,,
True,500,1.2mb,377,,,,Política Nacional de Resíduos Sólidos,4,3,,,,
True,500,1.2mb,377,,,,Política Nacional de Resíduos Sólidos,4,3,,,,
True,500,1.2mb,377,,,,Política Nacional de Resíduos Sólidos,3,3,,,,
True,500,1.2mb,377,,,,Política Nacional de Resíduos Sólidos,3,3,,,,
True,500,1.2mb,377,,,,Política Nacional de Resíduos Sólidos,2,3,,,,
True,500,1.2mb,377,,,,Política Nacional de Resíduos Sólidos,2,3,,,,
True,500,1.2mb,377,,,,Política Nacional de Resíduos Sólidos,2,3,,,,
True,500,1.2mb,377,,,,Política Nacional de Resíduos Sólidos,2,3,,,,
True,500,1.2mb,377,,,,Política Nacional de Resíduos Sólidos,2,3,,,,
True,500,1.2mb,377,,,,Política Nacional de Resíduos Sólidos,2,3,,,,
True,500,1.2mb,377,,,,Política Nacional de Resíduos Sólidos,2,3,,,,
True,500,1.2mb,377,,,,Política Nacional de Resíduos Sólidos,2,3,,,,
True,500,1.2mb,377,,,,Política Nacional de Resíduos Sólidos,2,3,,,,
True,500,1.2mb,377,,,,Política Nacional de Resíduos Sólidos,3,3,,,,
True,500,1.2mb,377,,,,Política Nacional de Resíduos Sólidos,2,3,,,,
True,500,1.2mb,377,,,,Política Nacional de Resíduos Sólidos,2,3,,,,
True,500,1.2mb,377,,,,Política Nacional de Resíduos Sólidos,3,3,,,,
True,500,1.2mb,377,,,,Política Nacional de Resíduos Sólidos,3,3,,,,
True,500,1.2mb,377,,,,Política Nacional de Resíduos Sólidos,2,3,,,,
True,500,1.2mb,377,,,,Política Nacional de Resíduos Sólidos,2,3,,,,
True,500,1.2mb,377,,,,Política Nacional de Resíduos Sólidos,3,3,,,,
True,500,1.2mb,377,,,,Política Nacional de Resíduos Sólidos,2,3,,,,
True,500,1.2mb,377,,,,Política Nacional de Resíduos Sólidos,2,3,,,,
True,500,1.2mb,377,,,,Política Nacional de Resíduos Sólidos,2,3,,,,
True,500,1.2mb,377,,,,Política Nacional de Resíduos Sólidos,3,3,,,,
True,500,1.2mb,377,,,,Política Nacional de Resíduos Sólidos,3,3,,,,
True,500,1.2mb,377,,,,Política Nacional de Resíduos Sólidos,2,3,,,,
True,500,1.2mb,377,,,,Política Nacional de Resíduos Sólidos,2,3,,,,
True,500,1.2mb,377,,,,Política Nacional de Resíduos Sólidos,3,3,,,,
True,500,1.2mb,377,,,,Política Nacional de Resíduos Sólidos,2,3,,,,
True,500,1.2mb,377,,,,Política Nacional de Resíduos Sólidos,2,3,,,,
True,500,1.2mb,377,,,,Política Nacional de Resíduos Sólidos,2,3,,,,
True,500,1.2mb,377,,,,Política Nacional de Resíduos Sólidos,3,3,,,,
True,500,1.2mb,377,,,,Política Nacional de Resíduos Sólidos,3,3,,,,
True,500,1.2mb,377,,,,Política Nacional de Resíduos Sólidos,3,3,,,,
True,500,1.2mb,377,,,,Política Nacional de Resíduos Sólidos,2,3,,,,
True,500,1.2mb,377,,,,Política Nacional de Resíduos Sólidos,2,3,,,,
True,500,1.2mb,377,,,,Política Nacional de Resíduos Sólidos,2,3,,,,
True,500,1.2mb,377,,,,Política Nacional de Resíduos Sólidos,2,3,,,,
True,500,1.2mb,377,,,,Política Nacional de Resíduos Sólidos,5,3,,,,
True,500,1.2mb,377,,,,Política Nacional de Resíduos Sólidos,3,3,,,,
True,500,1.2mb,377,,,,Política Nacional de Resíduos Sólidos,3,3,,,,
True,500,1.2mb,377,,,,Política Nacional de Resíduos Sólidos,4,3,,,,
True,500,1.2mb,377,,,,Política Nacional de Resíduos Sólidos,2,3,,,,
True,500,1.2mb,377,,,,Política Nacional de Resíduos Sólidos,3,3,,,,
True,500,1.2mb,377,,,,Política Nacional de Resíduos Sólidos,2,3,,,,
True,500,1.2mb,377,,,,Política Nacional de Resíduos Sólidos,2,3,,,,
True,500,1.2mb,377,,,,Política Nacional de Resíduos Sólidos,3,3,,,,
True,500,1.2mb,377,,,,Política Nacional de Resíduos Sólidos,3,3,,,,
True,500,1.2mb,377,,,,Política Nacional de Resíduos Sólidos,2,3,,,,
True,500,1.2mb,377,,,,Política Nacional de Resíduos Sólidos,2,3,,,,
True,500,1.2mb,377,,,,Política Nacional de Resíduos Sólidos,2,3,,,,
True,500,1.2mb,377,,,,Política Nacional de Resíduos Sólidos,3,3,,,,
True,500,1.2mb,377,,,,Política Nacional de Resíduos Sólidos,4,3,,,,
True,500,1.2mb,377,,,,Política Nacional de Resíduos Sólidos,3,3,,,,
True,500,1.2mb,377,,,,Política Nacional de Resíduos Sólidos,2,3,,,,
True,500,1.2mb,377,,,,PNRS,1,0,,,,
True,500,1.2mb,377,,,,PNRS,2,0,,,,
True,500,1.2mb,377,,,,PNRS,1,0,,,,
True,500,1.2mb,377,,,,PNRS,1,0,,,,
True,500,1.2mb,377,,,,PNRS,2,0,,,,
True,500,1.2mb,377,,,,PNRS,1,0,,,,
True,500,1.2mb,377,,,,PNRS,1,0,,,,
True,500,1.2mb,377,,,,PNRS,1,0,,,,
True,500,1.2mb,377,,,,PNRS,1,0,,,,
True,500,1.2mb,377,,,,PNRS,1,0,,,,
True,500,1.2mb,377,,,,PNRS,1,0,,,,
True,500,1.2mb,377,,,,PNRS,1,0,,,,
True,500,1.2mb,377,,,,PNRS,1,0,,,,
True,500,1.2mb,377,,,,PNRS,2,0,,,,
True,500,1.2mb,377,,,,PNRS,11,0,,,,
True,500,1.2mb,377,,,,PNRS,2,0,,,,
True,500,1.2mb,377,,,,PNRS,1,0,,,,
True,500,1.2mb,377,,,,PNRS,1,0,,,,
True,500,1.2mb,377,,,,PNRS,1,0,,,,
True,500,1.2mb,377,,,,PNRS,1,0,,,,
True,500,1.2mb,377,,,,PNRS,1,0,,,,
True,500,1.2mb,377,,,,PNRS,1,0,,,,
True,500,1.2mb,377,,,,PNRS,1,0,,,,
True,500,1.2mb,377,,,,PNRS,1,0,,,,
True,500,1.2mb,377,,,,PNRS,1,0,,,,
True,500,1.2mb,377,,,,PNRS,1,0,,,,
True,500,1.2mb,377,,,,PNRS,1,0,,,,
True,500,1.2mb,377,,,,PNRS,1,0,,,,
True,500,1.2mb,377,,,,PNRS,2,0,,,,
True,500,1.2mb,377,,,,PNRS,2,0,,,,
True,500,1.2mb,377,,,,PNRS,2,0,,,,
True,500,1.2mb,377,,,,PNRS,1,0,,,,
True,500,1.2mb,377,,,,PNRS,1,0,,,,
True,500,1.2mb,377,,,,PNRS,2,0,,,,
True,500,1.2mb,377,,,,PNRS,1,0,,,,
True,500,1.2mb,377,,,,PNRS,1,0,,,,
True,500,1.2mb,377,,,,PNRS,1,0,,,,
True,500,1.2mb,377,,,,PNRS,2,0,,,,
True,500,1.2mb,377,,,,PNRS,1,0,,,,
True,500,1.2mb,377,,,,PNRS,1,0,,,,
True,500,1.2mb,377,,,,PNRS,1,0,,,,
True,500,1.2mb,377,,,,PNRS,1,0,,,,
True,500,1.2mb,377,,,,PNRS,1,0,,,,
True,500,1.2mb,377,,,,PNRS,1,0,,,,
True,500,1.2mb,377,,,,PNRS,1,0,,,,
True,500,1.2mb,377,,,,PNRS,2,0,,,,
True,500,1.2mb,377,,,,PNRS,1,0,,,,
True,500,1.2mb,377,,,,PNRS,1,0,,,,
True,500,1.2mb,377,,,,PNRS,14,0,,,,
True,500,1.2mb,377,,,,PNRS,1,0,,,,
True,500,1.2mb,377,,,,PNRS,1,0,,,,
True,500,1.2mb,377,,,,PNRS,1,0,,,,
True,500,1.2mb,377,,,,PNRS,1,0,,,,
True,500,1.2mb,377,,,,PNRS,1,0,,,,
True,500,1.2mb,377,,,,PNRS,1,0,,,,
True,500,1.2mb,377,,,,PNRS,1,0,,,,
True,500,1.2mb,377,,,,PNRS,1,0,,,,
True,500,1.2mb,377,,,,PNRS,1,0,,,,
True,500,1.2mb,377,,,,PNRS,1,0,,,,
True,500,1.2mb,377,,,,PNRS,1,0,,,,
True,500,1.2mb,377,,,,PNRS,1,0,,,,
True,500,1.2mb,377,,,,PNRS,1,0,,,,
True,500,1.2mb,377,,,,PNRS,2,0,,,,
True,500,1.2mb,377,,,,PNRS,1,0,,,,
True,500,1.2mb,377,,,,PNRS,2,0,,,,
True,500,1.2mb,377,,,,PNRS,1,0,,,,
True,500,1.2mb,377,,,,PNRS,1,0,,,,
True,500,1.2mb,377,,,,PNRS,1,0,,,,
True,500,1.2mb,377,,,,PNRS,1,0,,,,
True,500,1.2mb,377,,,,PNRS,1,0,,,,
True,500,1.2mb,377,,,,PNRS,1,0,,,,
True,500,1.2mb,377,,,,PNRS,1,0,,,,
True,500,1.2mb,377,,,,PNRS,1,0,,,,
True,500,1.2mb,377,,,,PNRS,1,0,,,,
True,500,1.2mb,377,,,,PNRS,1,0,,,,
True,500,1.2mb,377,,,,PNRS,1,0,,,,
True,500,1.2mb,377,,,,PNRS,1,0,,,,
True,500,1.2mb,377,,,,PNRS,2,0,,,,
True,500,1.2mb,377,,,,PNRS,1,0,,,,
True,500,1.2mb,377,,,,PNRS,1,0,,,,
True,500,1.2mb,377,,,,PNRS,1,0,,,,
True,500,1.2mb,377,,,,PNRS,1,0,,,,
True,500,1.2mb,377,,,,PNRS,1,0,,,,
True,500,1.2mb,377,,,,PNRS,1,0,,,,
True,500,1.2mb,377,,,,PNRS,1,0,,,,
True,500,1.2mb,377,,,,PNRS,1,0,,,,
True,500,1.2mb,377,,,,PNRS,1,0,,,,
True,500,1.2mb,377,,,,PNRS,1,0,,,,
True,500,1.2mb,377,,,,PNRS,1,0,,,,
True,500,1.2mb,377,,,,PNRS,1,0,,,,
True,500,1.2mb,377,,,,PNRS,2,0,,,,
True,500,1.2mb,377,,,,PNRS,1,0,,,,
True,500,1.2mb,377,,,,PNRS,1,0,,,,
True,500,1.2mb,377,,,,PNRS,1,0,,,,
True,500,1.2mb,377,,,,PNRS,1,0,,,,
True,500,1.2mb,377,,,,PNRS,1,0,,,,
True,500,1.2mb,377,,,,PNRS,1,0,,,,
True,500,1.2mb,377,,,,PNRS,1,0,,,,
True,500,1.2mb,377,,,,PNRS,1,0,,,,
True,500,1.2mb,377,,,,PNRS,1,0,,,,
