IS_SEGMENTED,SEGMENT_SIZE,INDEX_SIZE,DOCUMENT_COUNT,GENERAL_SEARCH_TERM,GENERAL_SEARCH_TIME,GENERAL_SEARCH_DOCS_COUNT,SPECIFIC_SEARCH_TERM,SPECIFIC_SEARCH_TIME,SPECIFIC_SEARCH_DOCS_COUNT,WITH_HIGHLIGHT,HIGHLIGHT_TERM,FRAGMENT_SIZE,HIGHLIGHT_TIME
True,2000,151.9mb,29948,prefeitura,396,10000,,,,,,,
True,2000,151.9mb,29948,prefeitura,19,10000,,,,,,,
True,2000,151.9mb,29948,prefeitura,21,10000,,,,,,,
True,2000,151.9mb,29948,prefeitura,34,10000,,,,,,,
True,2000,151.9mb,29948,prefeitura,5,10000,,,,,,,
True,2000,151.9mb,29948,prefeitura,5,10000,,,,,,,
True,2000,151.9mb,29948,prefeitura,6,10000,,,,,,,
True,2000,151.9mb,29948,prefeitura,6,10000,,,,,,,
True,2000,151.9mb,29948,prefeitura,4,10000,,,,,,,
True,2000,151.9mb,29948,prefeitura,6,10000,,,,,,,
True,2000,151.9mb,29948,prefeitura,4,10000,,,,,,,
True,2000,151.9mb,29948,prefeitura,4,10000,,,,,,,
True,2000,151.9mb,29948,prefeitura,5,10000,,,,,,,
True,2000,151.9mb,29948,prefeitura,4,10000,,,,,,,
True,2000,151.9mb,29948,prefeitura,7,10000,,,,,,,
True,2000,151.9mb,29948,prefeitura,4,10000,,,,,,,
True,2000,151.9mb,29948,prefeitura,4,10000,,,,,,,
True,2000,151.9mb,29948,prefeitura,4,10000,,,,,,,
True,2000,151.9mb,29948,prefeitura,4,10000,,,,,,,
True,2000,151.9mb,29948,prefeitura,3,10000,,,,,,,
True,2000,151.9mb,29948,prefeitura,4,10000,,,,,,,
True,2000,151.9mb,29948,prefeitura,3,10000,,,,,,,
True,2000,151.9mb,29948,prefeitura,4,10000,,,,,,,
True,2000,151.9mb,29948,prefeitura,4,10000,,,,,,,
True,2000,151.9mb,29948,prefeitura,3,10000,,,,,,,
True,2000,151.9mb,29948,prefeitura,5,10000,,,,,,,
True,2000,151.9mb,29948,prefeitura,3,10000,,,,,,,
True,2000,151.9mb,29948,prefeitura,4,10000,,,,,,,
True,2000,151.9mb,29948,prefeitura,3,10000,,,,,,,
True,2000,151.9mb,29948,prefeitura,5,10000,,,,,,,
True,2000,151.9mb,29948,prefeitura,3,10000,,,,,,,
True,2000,151.9mb,29948,prefeitura,3,10000,,,,,,,
True,2000,151.9mb,29948,prefeitura,3,10000,,,,,,,
True,2000,151.9mb,29948,prefeitura,4,10000,,,,,,,
True,2000,151.9mb,29948,prefeitura,3,10000,,,,,,,
True,2000,151.9mb,29948,prefeitura,4,10000,,,,,,,
True,2000,151.9mb,29948,prefeitura,3,10000,,,,,,,
True,2000,151.9mb,29948,prefeitura,3,10000,,,,,,,
True,2000,151.9mb,29948,prefeitura,4,10000,,,,,,,
True,2000,151.9mb,29948,prefeitura,4,10000,,,,,,,
True,2000,151.9mb,29948,prefeitura,2,10000,,,,,,,
True,2000,151.9mb,29948,prefeitura,4,10000,,,,,,,
True,2000,151.9mb,29948,prefeitura,3,10000,,,,,,,
True,2000,151.9mb,29948,prefeitura,3,10000,,,,,,,
True,2000,151.9mb,29948,prefeitura,5,10000,,,,,,,
True,2000,151.9mb,29948,prefeitura,4,10000,,,,,,,
True,2000,151.9mb,29948,prefeitura,3,10000,,,,,,,
True,2000,151.9mb,29948,prefeitura,2,10000,,,,,,,
True,2000,151.9mb,29948,prefeitura,2,10000,,,,,,,
True,2000,151.9mb,29948,prefeitura,3,10000,,,,,,,
True,2000,151.9mb,29948,prefeitura,3,10000,,,,,,,
True,2000,151.9mb,29948,prefeitura,2,10000,,,,,,,
True,2000,151.9mb,29948,prefeitura,3,10000,,,,,,,
True,2000,151.9mb,29948,prefeitura,5,10000,,,,,,,
True,2000,151.9mb,29948,prefeitura,3,10000,,,,,,,
True,2000,151.9mb,29948,prefeitura,3,10000,,,,,,,
True,2000,151.9mb,29948,prefeitura,2,10000,,,,,,,
True,2000,151.9mb,29948,prefeitura,4,10000,,,,,,,
True,2000,151.9mb,29948,prefeitura,3,10000,,,,,,,
True,2000,151.9mb,29948,prefeitura,3,10000,,,,,,,
True,2000,151.9mb,29948,prefeitura,3,10000,,,,,,,
True,2000,151.9mb,29948,prefeitura,5,10000,,,,,,,
True,2000,151.9mb,29948,prefeitura,5,10000,,,,,,,
True,2000,151.9mb,29948,prefeitura,4,10000,,,,,,,
True,2000,151.9mb,29948,prefeitura,2,10000,,,,,,,
True,2000,151.9mb,29948,prefeitura,4,10000,,,,,,,
True,2000,151.9mb,29948,prefeitura,3,10000,,,,,,,
True,2000,151.9mb,29948,prefeitura,2,10000,,,,,,,
True,2000,151.9mb,29948,prefeitura,5,10000,,,,,,,
True,2000,151.9mb,29948,prefeitura,2,10000,,,,,,,
True,2000,151.9mb,29948,prefeitura,4,10000,,,,,,,
True,2000,151.9mb,29948,prefeitura,3,10000,,,,,,,
True,2000,151.9mb,29948,prefeitura,4,10000,,,,,,,
True,2000,151.9mb,29948,prefeitura,2,10000,,,,,,,
True,2000,151.9mb,29948,prefeitura,3,10000,,,,,,,
True,2000,151.9mb,29948,prefeitura,3,10000,,,,,,,
True,2000,151.9mb,29948,prefeitura,2,10000,,,,,,,
True,2000,151.9mb,29948,prefeitura,3,10000,,,,,,,
True,2000,151.9mb,29948,prefeitura,3,10000,,,,,,,
True,2000,151.9mb,29948,prefeitura,3,10000,,,,,,,
True,2000,151.9mb,29948,prefeitura,2,10000,,,,,,,
True,2000,151.9mb,29948,prefeitura,2,10000,,,,,,,
True,2000,151.9mb,29948,prefeitura,3,10000,,,,,,,
True,2000,151.9mb,29948,prefeitura,3,10000,,,,,,,
True,2000,151.9mb,29948,prefeitura,3,10000,,,,,,,
True,2000,151.9mb,29948,prefeitura,4,10000,,,,,,,
True,2000,151.9mb,29948,prefeitura,4,10000,,,,,,,
True,2000,151.9mb,29948,prefeitura,2,10000,,,,,,,
True,2000,151.9mb,29948,prefeitura,4,10000,,,,,,,
True,2000,151.9mb,29948,prefeitura,3,10000,,,,,,,
True,2000,151.9mb,29948,prefeitura,4,10000,,,,,,,
True,2000,151.9mb,29948,prefeitura,3,10000,,,,,,,
True,2000,151.9mb,29948,prefeitura,4,10000,,,,,,,
True,2000,151.9mb,29948,prefeitura,2,10000,,,,,,,
True,2000,151.9mb,29948,prefeitura,2,10000,,,,,,,
True,2000,151.9mb,29948,prefeitura,3,10000,,,,,,,
True,2000,151.9mb,29948,prefeitura,3,10000,,,,,,,
True,2000,151.9mb,29948,prefeitura,3,10000,,,,,,,
True,2000,151.9mb,29948,prefeitura,3,10000,,,,,,,
True,2000,151.9mb,29948,prefeitura,3,10000,,,,,,,
True,2000,151.9mb,29948,diário,13,10000,,,,,,,
True,2000,151.9mb,29948,diário,3,10000,,,,,,,
True,2000,151.9mb,29948,diário,3,10000,,,,,,,
True,2000,151.9mb,29948,diário,3,10000,,,,,,,
True,2000,151.9mb,29948,diário,2,10000,,,,,,,
True,2000,151.9mb,29948,diário,3,10000,,,,,,,
True,2000,151.9mb,29948,diário,3,10000,,,,,,,
True,2000,151.9mb,29948,diário,2,10000,,,,,,,
True,2000,151.9mb,29948,diário,2,10000,,,,,,,
True,2000,151.9mb,29948,diário,4,10000,,,,,,,
True,2000,151.9mb,29948,diário,2,10000,,,,,,,
True,2000,151.9mb,29948,diário,3,10000,,,,,,,
True,2000,151.9mb,29948,diário,2,10000,,,,,,,
True,2000,151.9mb,29948,diário,2,10000,,,,,,,
True,2000,151.9mb,29948,diário,2,10000,,,,,,,
True,2000,151.9mb,29948,diário,2,10000,,,,,,,
True,2000,151.9mb,29948,diário,3,10000,,,,,,,
True,2000,151.9mb,29948,diário,6,10000,,,,,,,
True,2000,151.9mb,29948,diário,5,10000,,,,,,,
True,2000,151.9mb,29948,diário,3,10000,,,,,,,
True,2000,151.9mb,29948,diário,8,10000,,,,,,,
True,2000,151.9mb,29948,diário,8,10000,,,,,,,
True,2000,151.9mb,29948,diário,47,10000,,,,,,,
True,2000,151.9mb,29948,diário,2,10000,,,,,,,
True,2000,151.9mb,29948,diário,4,10000,,,,,,,
True,2000,151.9mb,29948,diário,4,10000,,,,,,,
True,2000,151.9mb,29948,diário,3,10000,,,,,,,
True,2000,151.9mb,29948,diário,5,10000,,,,,,,
True,2000,151.9mb,29948,diário,3,10000,,,,,,,
True,2000,151.9mb,29948,diário,4,10000,,,,,,,
True,2000,151.9mb,29948,diário,4,10000,,,,,,,
True,2000,151.9mb,29948,diário,2,10000,,,,,,,
True,2000,151.9mb,29948,diário,2,10000,,,,,,,
True,2000,151.9mb,29948,diário,2,10000,,,,,,,
True,2000,151.9mb,29948,diário,3,10000,,,,,,,
True,2000,151.9mb,29948,diário,3,10000,,,,,,,
True,2000,151.9mb,29948,diário,3,10000,,,,,,,
True,2000,151.9mb,29948,diário,4,10000,,,,,,,
True,2000,151.9mb,29948,diário,4,10000,,,,,,,
True,2000,151.9mb,29948,diário,3,10000,,,,,,,
True,2000,151.9mb,29948,diário,2,10000,,,,,,,
True,2000,151.9mb,29948,diário,2,10000,,,,,,,
True,2000,151.9mb,29948,diário,2,10000,,,,,,,
True,2000,151.9mb,29948,diário,3,10000,,,,,,,
True,2000,151.9mb,29948,diário,2,10000,,,,,,,
True,2000,151.9mb,29948,diário,3,10000,,,,,,,
True,2000,151.9mb,29948,diário,3,10000,,,,,,,
True,2000,151.9mb,29948,diário,3,10000,,,,,,,
True,2000,151.9mb,29948,diário,2,10000,,,,,,,
True,2000,151.9mb,29948,diário,2,10000,,,,,,,
True,2000,151.9mb,29948,diário,2,10000,,,,,,,
True,2000,151.9mb,29948,diário,2,10000,,,,,,,
True,2000,151.9mb,29948,diário,4,10000,,,,,,,
True,2000,151.9mb,29948,diário,3,10000,,,,,,,
True,2000,151.9mb,29948,diário,2,10000,,,,,,,
True,2000,151.9mb,29948,diário,2,10000,,,,,,,
True,2000,151.9mb,29948,diário,2,10000,,,,,,,
True,2000,151.9mb,29948,diário,3,10000,,,,,,,
True,2000,151.9mb,29948,diário,2,10000,,,,,,,
True,2000,151.9mb,29948,diário,3,10000,,,,,,,
True,2000,151.9mb,29948,diário,2,10000,,,,,,,
True,2000,151.9mb,29948,diário,2,10000,,,,,,,
True,2000,151.9mb,29948,diário,4,10000,,,,,,,
True,2000,151.9mb,29948,diário,3,10000,,,,,,,
True,2000,151.9mb,29948,diário,4,10000,,,,,,,
True,2000,151.9mb,29948,diário,2,10000,,,,,,,
True,2000,151.9mb,29948,diário,3,10000,,,,,,,
True,2000,151.9mb,29948,diário,2,10000,,,,,,,
True,2000,151.9mb,29948,diário,2,10000,,,,,,,
True,2000,151.9mb,29948,diário,3,10000,,,,,,,
True,2000,151.9mb,29948,diário,3,10000,,,,,,,
True,2000,151.9mb,29948,diário,4,10000,,,,,,,
True,2000,151.9mb,29948,diário,2,10000,,,,,,,
True,2000,151.9mb,29948,diário,3,10000,,,,,,,
True,2000,151.9mb,29948,diário,3,10000,,,,,,,
True,2000,151.9mb,29948,diário,2,10000,,,,,,,
True,2000,151.9mb,29948,diário,3,10000,,,,,,,
True,2000,151.9mb,29948,diário,3,10000,,,,,,,
True,2000,151.9mb,29948,diário,2,10000,,,,,,,
True,2000,151.9mb,29948,diário,3,10000,,,,,,,
True,2000,151.9mb,29948,diário,2,10000,,,,,,,
True,2000,151.9mb,29948,diário,2,10000,,,,,,,
True,2000,151.9mb,29948,diário,3,10000,,,,,,,
True,2000,151.9mb,29948,diário,2,10000,,,,,,,
True,2000,151.9mb,29948,diário,3,10000,,,,,,,
True,2000,151.9mb,29948,diário,6,10000,,,,,,,
True,2000,151.9mb,29948,diário,4,10000,,,,,,,
True,2000,151.9mb,29948,diário,2,10000,,,,,,,
True,2000,151.9mb,29948,diário,4,10000,,,,,,,
True,2000,151.9mb,29948,diário,2,10000,,,,,,,
True,2000,151.9mb,29948,diário,4,10000,,,,,,,
True,2000,151.9mb,29948,diário,2,10000,,,,,,,
True,2000,151.9mb,29948,diário,2,10000,,,,,,,
True,2000,151.9mb,29948,diário,3,10000,,,,,,,
True,2000,151.9mb,29948,diário,2,10000,,,,,,,
True,2000,151.9mb,29948,diário,2,10000,,,,,,,
True,2000,151.9mb,29948,diário,2,10000,,,,,,,
True,2000,151.9mb,29948,diário,3,10000,,,,,,,
True,2000,151.9mb,29948,diário,3,10000,,,,,,,
True,2000,151.9mb,29948,diário,3,10000,,,,,,,
True,2000,151.9mb,29948,lei,14,10000,,,,,,,
True,2000,151.9mb,29948,lei,3,10000,,,,,,,
True,2000,151.9mb,29948,lei,2,10000,,,,,,,
True,2000,151.9mb,29948,lei,3,10000,,,,,,,
True,2000,151.9mb,29948,lei,2,10000,,,,,,,
True,2000,151.9mb,29948,lei,3,10000,,,,,,,
True,2000,151.9mb,29948,lei,4,10000,,,,,,,
True,2000,151.9mb,29948,lei,2,10000,,,,,,,
True,2000,151.9mb,29948,lei,3,10000,,,,,,,
True,2000,151.9mb,29948,lei,3,10000,,,,,,,
True,2000,151.9mb,29948,lei,3,10000,,,,,,,
True,2000,151.9mb,29948,lei,2,10000,,,,,,,
True,2000,151.9mb,29948,lei,3,10000,,,,,,,
True,2000,151.9mb,29948,lei,4,10000,,,,,,,
True,2000,151.9mb,29948,lei,3,10000,,,,,,,
True,2000,151.9mb,29948,lei,2,10000,,,,,,,
True,2000,151.9mb,29948,lei,2,10000,,,,,,,
True,2000,151.9mb,29948,lei,2,10000,,,,,,,
True,2000,151.9mb,29948,lei,2,10000,,,,,,,
True,2000,151.9mb,29948,lei,2,10000,,,,,,,
True,2000,151.9mb,29948,lei,3,10000,,,,,,,
True,2000,151.9mb,29948,lei,3,10000,,,,,,,
True,2000,151.9mb,29948,lei,2,10000,,,,,,,
True,2000,151.9mb,29948,lei,3,10000,,,,,,,
True,2000,151.9mb,29948,lei,3,10000,,,,,,,
True,2000,151.9mb,29948,lei,2,10000,,,,,,,
True,2000,151.9mb,29948,lei,2,10000,,,,,,,
True,2000,151.9mb,29948,lei,3,10000,,,,,,,
True,2000,151.9mb,29948,lei,2,10000,,,,,,,
True,2000,151.9mb,29948,lei,2,10000,,,,,,,
True,2000,151.9mb,29948,lei,3,10000,,,,,,,
True,2000,151.9mb,29948,lei,4,10000,,,,,,,
True,2000,151.9mb,29948,lei,2,10000,,,,,,,
True,2000,151.9mb,29948,lei,2,10000,,,,,,,
True,2000,151.9mb,29948,lei,2,10000,,,,,,,
True,2000,151.9mb,29948,lei,3,10000,,,,,,,
True,2000,151.9mb,29948,lei,2,10000,,,,,,,
True,2000,151.9mb,29948,lei,4,10000,,,,,,,
True,2000,151.9mb,29948,lei,3,10000,,,,,,,
True,2000,151.9mb,29948,lei,2,10000,,,,,,,
True,2000,151.9mb,29948,lei,2,10000,,,,,,,
True,2000,151.9mb,29948,lei,2,10000,,,,,,,
True,2000,151.9mb,29948,lei,3,10000,,,,,,,
True,2000,151.9mb,29948,lei,4,10000,,,,,,,
True,2000,151.9mb,29948,lei,2,10000,,,,,,,
True,2000,151.9mb,29948,lei,3,10000,,,,,,,
True,2000,151.9mb,29948,lei,4,10000,,,,,,,
True,2000,151.9mb,29948,lei,3,10000,,,,,,,
True,2000,151.9mb,29948,lei,4,10000,,,,,,,
True,2000,151.9mb,29948,lei,7,10000,,,,,,,
True,2000,151.9mb,29948,lei,5,10000,,,,,,,
True,2000,151.9mb,29948,lei,6,10000,,,,,,,
True,2000,151.9mb,29948,lei,4,10000,,,,,,,
True,2000,151.9mb,29948,lei,3,10000,,,,,,,
True,2000,151.9mb,29948,lei,3,10000,,,,,,,
True,2000,151.9mb,29948,lei,5,10000,,,,,,,
True,2000,151.9mb,29948,lei,5,10000,,,,,,,
True,2000,151.9mb,29948,lei,4,10000,,,,,,,
True,2000,151.9mb,29948,lei,5,10000,,,,,,,
True,2000,151.9mb,29948,lei,2,10000,,,,,,,
True,2000,151.9mb,29948,lei,6,10000,,,,,,,
True,2000,151.9mb,29948,lei,4,10000,,,,,,,
True,2000,151.9mb,29948,lei,3,10000,,,,,,,
True,2000,151.9mb,29948,lei,3,10000,,,,,,,
True,2000,151.9mb,29948,lei,4,10000,,,,,,,
True,2000,151.9mb,29948,lei,2,10000,,,,,,,
True,2000,151.9mb,29948,lei,3,10000,,,,,,,
True,2000,151.9mb,29948,lei,3,10000,,,,,,,
True,2000,151.9mb,29948,lei,4,10000,,,,,,,
True,2000,151.9mb,29948,lei,3,10000,,,,,,,
True,2000,151.9mb,29948,lei,8,10000,,,,,,,
True,2000,151.9mb,29948,lei,4,10000,,,,,,,
True,2000,151.9mb,29948,lei,2,10000,,,,,,,
True,2000,151.9mb,29948,lei,3,10000,,,,,,,
True,2000,151.9mb,29948,lei,3,10000,,,,,,,
True,2000,151.9mb,29948,lei,2,10000,,,,,,,
True,2000,151.9mb,29948,lei,2,10000,,,,,,,
True,2000,151.9mb,29948,lei,3,10000,,,,,,,
True,2000,151.9mb,29948,lei,3,10000,,,,,,,
True,2000,151.9mb,29948,lei,3,10000,,,,,,,
True,2000,151.9mb,29948,lei,3,10000,,,,,,,
True,2000,151.9mb,29948,lei,2,10000,,,,,,,
True,2000,151.9mb,29948,lei,3,10000,,,,,,,
True,2000,151.9mb,29948,lei,3,10000,,,,,,,
True,2000,151.9mb,29948,lei,2,10000,,,,,,,
True,2000,151.9mb,29948,lei,3,10000,,,,,,,
True,2000,151.9mb,29948,lei,3,10000,,,,,,,
True,2000,151.9mb,29948,lei,2,10000,,,,,,,
True,2000,151.9mb,29948,lei,2,10000,,,,,,,
True,2000,151.9mb,29948,lei,3,10000,,,,,,,
True,2000,151.9mb,29948,lei,4,10000,,,,,,,
True,2000,151.9mb,29948,lei,4,10000,,,,,,,
True,2000,151.9mb,29948,lei,2,10000,,,,,,,
True,2000,151.9mb,29948,lei,4,10000,,,,,,,
True,2000,151.9mb,29948,lei,3,10000,,,,,,,
True,2000,151.9mb,29948,lei,4,10000,,,,,,,
True,2000,151.9mb,29948,lei,4,10000,,,,,,,
True,2000,151.9mb,29948,lei,2,10000,,,,,,,
True,2000,151.9mb,29948,lei,2,10000,,,,,,,
True,2000,151.9mb,29948,lei,3,10000,,,,,,,
True,2000,151.9mb,29948,termo,20,3689,,,,,,,
True,2000,151.9mb,29948,termo,3,3689,,,,,,,
True,2000,151.9mb,29948,termo,2,3689,,,,,,,
True,2000,151.9mb,29948,termo,2,3689,,,,,,,
True,2000,151.9mb,29948,termo,3,3689,,,,,,,
True,2000,151.9mb,29948,termo,5,3689,,,,,,,
True,2000,151.9mb,29948,termo,2,3689,,,,,,,
True,2000,151.9mb,29948,termo,4,3689,,,,,,,
True,2000,151.9mb,29948,termo,2,3689,,,,,,,
True,2000,151.9mb,29948,termo,2,3689,,,,,,,
True,2000,151.9mb,29948,termo,3,3689,,,,,,,
True,2000,151.9mb,29948,termo,2,3689,,,,,,,
True,2000,151.9mb,29948,termo,3,3689,,,,,,,
True,2000,151.9mb,29948,termo,4,3689,,,,,,,
True,2000,151.9mb,29948,termo,4,3689,,,,,,,
True,2000,151.9mb,29948,termo,2,3689,,,,,,,
True,2000,151.9mb,29948,termo,2,3689,,,,,,,
True,2000,151.9mb,29948,termo,3,3689,,,,,,,
True,2000,151.9mb,29948,termo,2,3689,,,,,,,
True,2000,151.9mb,29948,termo,2,3689,,,,,,,
True,2000,151.9mb,29948,termo,3,3689,,,,,,,
True,2000,151.9mb,29948,termo,2,3689,,,,,,,
True,2000,151.9mb,29948,termo,2,3689,,,,,,,
True,2000,151.9mb,29948,termo,3,3689,,,,,,,
True,2000,151.9mb,29948,termo,3,3689,,,,,,,
True,2000,151.9mb,29948,termo,3,3689,,,,,,,
True,2000,151.9mb,29948,termo,3,3689,,,,,,,
True,2000,151.9mb,29948,termo,3,3689,,,,,,,
True,2000,151.9mb,29948,termo,2,3689,,,,,,,
True,2000,151.9mb,29948,termo,2,3689,,,,,,,
True,2000,151.9mb,29948,termo,2,3689,,,,,,,
True,2000,151.9mb,29948,termo,4,3689,,,,,,,
True,2000,151.9mb,29948,termo,2,3689,,,,,,,
True,2000,151.9mb,29948,termo,3,3689,,,,,,,
True,2000,151.9mb,29948,termo,2,3689,,,,,,,
True,2000,151.9mb,29948,termo,2,3689,,,,,,,
True,2000,151.9mb,29948,termo,3,3689,,,,,,,
True,2000,151.9mb,29948,termo,3,3689,,,,,,,
True,2000,151.9mb,29948,termo,3,3689,,,,,,,
True,2000,151.9mb,29948,termo,2,3689,,,,,,,
True,2000,151.9mb,29948,termo,4,3689,,,,,,,
True,2000,151.9mb,29948,termo,3,3689,,,,,,,
True,2000,151.9mb,29948,termo,2,3689,,,,,,,
True,2000,151.9mb,29948,termo,2,3689,,,,,,,
True,2000,151.9mb,29948,termo,2,3689,,,,,,,
True,2000,151.9mb,29948,termo,2,3689,,,,,,,
True,2000,151.9mb,29948,termo,3,3689,,,,,,,
True,2000,151.9mb,29948,termo,3,3689,,,,,,,
True,2000,151.9mb,29948,termo,2,3689,,,,,,,
True,2000,151.9mb,29948,termo,3,3689,,,,,,,
True,2000,151.9mb,29948,termo,2,3689,,,,,,,
True,2000,151.9mb,29948,termo,2,3689,,,,,,,
True,2000,151.9mb,29948,termo,3,3689,,,,,,,
True,2000,151.9mb,29948,termo,2,3689,,,,,,,
True,2000,151.9mb,29948,termo,2,3689,,,,,,,
True,2000,151.9mb,29948,termo,2,3689,,,,,,,
True,2000,151.9mb,29948,termo,2,3689,,,,,,,
True,2000,151.9mb,29948,termo,2,3689,,,,,,,
True,2000,151.9mb,29948,termo,2,3689,,,,,,,
True,2000,151.9mb,29948,termo,2,3689,,,,,,,
True,2000,151.9mb,29948,termo,2,3689,,,,,,,
True,2000,151.9mb,29948,termo,4,3689,,,,,,,
True,2000,151.9mb,29948,termo,4,3689,,,,,,,
True,2000,151.9mb,29948,termo,3,3689,,,,,,,
True,2000,151.9mb,29948,termo,9,3689,,,,,,,
True,2000,151.9mb,29948,termo,3,3689,,,,,,,
True,2000,151.9mb,29948,termo,2,3689,,,,,,,
True,2000,151.9mb,29948,termo,2,3689,,,,,,,
True,2000,151.9mb,29948,termo,4,3689,,,,,,,
True,2000,151.9mb,29948,termo,4,3689,,,,,,,
True,2000,151.9mb,29948,termo,2,3689,,,,,,,
True,2000,151.9mb,29948,termo,2,3689,,,,,,,
True,2000,151.9mb,29948,termo,2,3689,,,,,,,
True,2000,151.9mb,29948,termo,5,3689,,,,,,,
True,2000,151.9mb,29948,termo,6,3689,,,,,,,
True,2000,151.9mb,29948,termo,7,3689,,,,,,,
True,2000,151.9mb,29948,termo,16,3689,,,,,,,
True,2000,151.9mb,29948,termo,5,3689,,,,,,,
True,2000,151.9mb,29948,termo,3,3689,,,,,,,
True,2000,151.9mb,29948,termo,4,3689,,,,,,,
True,2000,151.9mb,29948,termo,10,3689,,,,,,,
True,2000,151.9mb,29948,termo,12,3689,,,,,,,
True,2000,151.9mb,29948,termo,6,3689,,,,,,,
True,2000,151.9mb,29948,termo,7,3689,,,,,,,
True,2000,151.9mb,29948,termo,2,3689,,,,,,,
True,2000,151.9mb,29948,termo,3,3689,,,,,,,
True,2000,151.9mb,29948,termo,3,3689,,,,,,,
True,2000,151.9mb,29948,termo,2,3689,,,,,,,
True,2000,151.9mb,29948,termo,6,3689,,,,,,,
True,2000,151.9mb,29948,termo,3,3689,,,,,,,
True,2000,151.9mb,29948,termo,4,3689,,,,,,,
True,2000,151.9mb,29948,termo,2,3689,,,,,,,
True,2000,151.9mb,29948,termo,5,3689,,,,,,,
True,2000,151.9mb,29948,termo,9,3689,,,,,,,
True,2000,151.9mb,29948,termo,6,3689,,,,,,,
True,2000,151.9mb,29948,termo,7,3689,,,,,,,
True,2000,151.9mb,29948,termo,4,3689,,,,,,,
True,2000,151.9mb,29948,termo,4,3689,,,,,,,
True,2000,151.9mb,29948,termo,2,3689,,,,,,,
True,2000,151.9mb,29948,termo,4,3689,,,,,,,
True,2000,151.9mb,29948,decreto,35,5612,,,,,,,
True,2000,151.9mb,29948,decreto,9,5612,,,,,,,
True,2000,151.9mb,29948,decreto,7,5612,,,,,,,
True,2000,151.9mb,29948,decreto,4,5612,,,,,,,
True,2000,151.9mb,29948,decreto,3,5612,,,,,,,
True,2000,151.9mb,29948,decreto,11,5612,,,,,,,
True,2000,151.9mb,29948,decreto,5,5612,,,,,,,
True,2000,151.9mb,29948,decreto,15,5612,,,,,,,
True,2000,151.9mb,29948,decreto,5,5612,,,,,,,
True,2000,151.9mb,29948,decreto,8,5612,,,,,,,
True,2000,151.9mb,29948,decreto,3,5612,,,,,,,
True,2000,151.9mb,29948,decreto,6,5612,,,,,,,
True,2000,151.9mb,29948,decreto,4,5612,,,,,,,
True,2000,151.9mb,29948,decreto,8,5612,,,,,,,
True,2000,151.9mb,29948,decreto,11,5612,,,,,,,
True,2000,151.9mb,29948,decreto,6,5612,,,,,,,
True,2000,151.9mb,29948,decreto,11,5612,,,,,,,
True,2000,151.9mb,29948,decreto,3,5612,,,,,,,
True,2000,151.9mb,29948,decreto,10,5612,,,,,,,
True,2000,151.9mb,29948,decreto,4,5612,,,,,,,
True,2000,151.9mb,29948,decreto,12,5612,,,,,,,
True,2000,151.9mb,29948,decreto,6,5612,,,,,,,
True,2000,151.9mb,29948,decreto,6,5612,,,,,,,
True,2000,151.9mb,29948,decreto,11,5612,,,,,,,
True,2000,151.9mb,29948,decreto,9,5612,,,,,,,
True,2000,151.9mb,29948,decreto,9,5612,,,,,,,
True,2000,151.9mb,29948,decreto,4,5612,,,,,,,
True,2000,151.9mb,29948,decreto,8,5612,,,,,,,
True,2000,151.9mb,29948,decreto,4,5612,,,,,,,
True,2000,151.9mb,29948,decreto,3,5612,,,,,,,
True,2000,151.9mb,29948,decreto,5,5612,,,,,,,
True,2000,151.9mb,29948,decreto,3,5612,,,,,,,
True,2000,151.9mb,29948,decreto,3,5612,,,,,,,
True,2000,151.9mb,29948,decreto,3,5612,,,,,,,
True,2000,151.9mb,29948,decreto,16,5612,,,,,,,
True,2000,151.9mb,29948,decreto,3,5612,,,,,,,
True,2000,151.9mb,29948,decreto,3,5612,,,,,,,
True,2000,151.9mb,29948,decreto,2,5612,,,,,,,
True,2000,151.9mb,29948,decreto,2,5612,,,,,,,
True,2000,151.9mb,29948,decreto,2,5612,,,,,,,
True,2000,151.9mb,29948,decreto,2,5612,,,,,,,
True,2000,151.9mb,29948,decreto,2,5612,,,,,,,
True,2000,151.9mb,29948,decreto,3,5612,,,,,,,
True,2000,151.9mb,29948,decreto,5,5612,,,,,,,
True,2000,151.9mb,29948,decreto,2,5612,,,,,,,
True,2000,151.9mb,29948,decreto,2,5612,,,,,,,
True,2000,151.9mb,29948,decreto,3,5612,,,,,,,
True,2000,151.9mb,29948,decreto,3,5612,,,,,,,
True,2000,151.9mb,29948,decreto,2,5612,,,,,,,
True,2000,151.9mb,29948,decreto,2,5612,,,,,,,
True,2000,151.9mb,29948,decreto,6,5612,,,,,,,
True,2000,151.9mb,29948,decreto,3,5612,,,,,,,
True,2000,151.9mb,29948,decreto,2,5612,,,,,,,
True,2000,151.9mb,29948,decreto,4,5612,,,,,,,
True,2000,151.9mb,29948,decreto,3,5612,,,,,,,
True,2000,151.9mb,29948,decreto,3,5612,,,,,,,
True,2000,151.9mb,29948,decreto,2,5612,,,,,,,
True,2000,151.9mb,29948,decreto,3,5612,,,,,,,
True,2000,151.9mb,29948,decreto,3,5612,,,,,,,
True,2000,151.9mb,29948,decreto,2,5612,,,,,,,
True,2000,151.9mb,29948,decreto,2,5612,,,,,,,
True,2000,151.9mb,29948,decreto,1,5612,,,,,,,
True,2000,151.9mb,29948,decreto,2,5612,,,,,,,
True,2000,151.9mb,29948,decreto,2,5612,,,,,,,
True,2000,151.9mb,29948,decreto,2,5612,,,,,,,
True,2000,151.9mb,29948,decreto,2,5612,,,,,,,
True,2000,151.9mb,29948,decreto,2,5612,,,,,,,
True,2000,151.9mb,29948,decreto,2,5612,,,,,,,
True,2000,151.9mb,29948,decreto,1,5612,,,,,,,
True,2000,151.9mb,29948,decreto,2,5612,,,,,,,
True,2000,151.9mb,29948,decreto,2,5612,,,,,,,
True,2000,151.9mb,29948,decreto,2,5612,,,,,,,
True,2000,151.9mb,29948,decreto,3,5612,,,,,,,
True,2000,151.9mb,29948,decreto,4,5612,,,,,,,
True,2000,151.9mb,29948,decreto,2,5612,,,,,,,
True,2000,151.9mb,29948,decreto,2,5612,,,,,,,
True,2000,151.9mb,29948,decreto,2,5612,,,,,,,
True,2000,151.9mb,29948,decreto,2,5612,,,,,,,
True,2000,151.9mb,29948,decreto,3,5612,,,,,,,
True,2000,151.9mb,29948,decreto,2,5612,,,,,,,
True,2000,151.9mb,29948,decreto,2,5612,,,,,,,
True,2000,151.9mb,29948,decreto,2,5612,,,,,,,
True,2000,151.9mb,29948,decreto,3,5612,,,,,,,
True,2000,151.9mb,29948,decreto,2,5612,,,,,,,
True,2000,151.9mb,29948,decreto,2,5612,,,,,,,
True,2000,151.9mb,29948,decreto,2,5612,,,,,,,
True,2000,151.9mb,29948,decreto,3,5612,,,,,,,
True,2000,151.9mb,29948,decreto,2,5612,,,,,,,
True,2000,151.9mb,29948,decreto,2,5612,,,,,,,
True,2000,151.9mb,29948,decreto,2,5612,,,,,,,
True,2000,151.9mb,29948,decreto,2,5612,,,,,,,
True,2000,151.9mb,29948,decreto,2,5612,,,,,,,
True,2000,151.9mb,29948,decreto,2,5612,,,,,,,
True,2000,151.9mb,29948,decreto,2,5612,,,,,,,
True,2000,151.9mb,29948,decreto,2,5612,,,,,,,
True,2000,151.9mb,29948,decreto,3,5612,,,,,,,
True,2000,151.9mb,29948,decreto,2,5612,,,,,,,
True,2000,151.9mb,29948,decreto,3,5612,,,,,,,
True,2000,151.9mb,29948,decreto,6,5612,,,,,,,
True,2000,151.9mb,29948,decreto,2,5612,,,,,,,
True,2000,151.9mb,29948,,,,,,,True,prefeitura,2000,311
True,2000,151.9mb,29948,,,,,,,True,prefeitura,2000,13
True,2000,151.9mb,29948,,,,,,,True,prefeitura,2000,12
True,2000,151.9mb,29948,,,,,,,True,prefeitura,2000,13
True,2000,151.9mb,29948,,,,,,,True,prefeitura,2000,13
True,2000,151.9mb,29948,,,,,,,True,prefeitura,2000,12
True,2000,151.9mb,29948,,,,,,,True,prefeitura,2000,9
True,2000,151.9mb,29948,,,,,,,True,prefeitura,2000,7
True,2000,151.9mb,29948,,,,,,,True,prefeitura,2000,7
True,2000,151.9mb,29948,,,,,,,True,prefeitura,2000,9
True,2000,151.9mb,29948,,,,,,,True,prefeitura,2000,7
True,2000,151.9mb,29948,,,,,,,True,prefeitura,2000,14
True,2000,151.9mb,29948,,,,,,,True,prefeitura,2000,9
True,2000,151.9mb,29948,,,,,,,True,prefeitura,2000,13
True,2000,151.9mb,29948,,,,,,,True,prefeitura,2000,9
True,2000,151.9mb,29948,,,,,,,True,prefeitura,2000,6
True,2000,151.9mb,29948,,,,,,,True,prefeitura,2000,5
True,2000,151.9mb,29948,,,,,,,True,prefeitura,2000,9
True,2000,151.9mb,29948,,,,,,,True,prefeitura,2000,4
True,2000,151.9mb,29948,,,,,,,True,prefeitura,2000,5
True,2000,151.9mb,29948,,,,,,,True,prefeitura,2000,4
True,2000,151.9mb,29948,,,,,,,True,prefeitura,2000,15
True,2000,151.9mb,29948,,,,,,,True,prefeitura,2000,4
True,2000,151.9mb,29948,,,,,,,True,prefeitura,2000,4
True,2000,151.9mb,29948,,,,,,,True,prefeitura,2000,20
True,2000,151.9mb,29948,,,,,,,True,prefeitura,2000,33
True,2000,151.9mb,29948,,,,,,,True,prefeitura,2000,14
True,2000,151.9mb,29948,,,,,,,True,prefeitura,2000,14
True,2000,151.9mb,29948,,,,,,,True,prefeitura,2000,36
True,2000,151.9mb,29948,,,,,,,True,prefeitura,2000,18
True,2000,151.9mb,29948,,,,,,,True,prefeitura,2000,51
True,2000,151.9mb,29948,,,,,,,True,prefeitura,2000,32
True,2000,151.9mb,29948,,,,,,,True,prefeitura,2000,29
True,2000,151.9mb,29948,,,,,,,True,prefeitura,2000,15
True,2000,151.9mb,29948,,,,,,,True,prefeitura,2000,25
True,2000,151.9mb,29948,,,,,,,True,prefeitura,2000,27
True,2000,151.9mb,29948,,,,,,,True,prefeitura,2000,25
True,2000,151.9mb,29948,,,,,,,True,prefeitura,2000,32
True,2000,151.9mb,29948,,,,,,,True,prefeitura,2000,25
True,2000,151.9mb,29948,,,,,,,True,prefeitura,2000,28
True,2000,151.9mb,29948,,,,,,,True,prefeitura,2000,14
True,2000,151.9mb,29948,,,,,,,True,prefeitura,2000,11
True,2000,151.9mb,29948,,,,,,,True,prefeitura,2000,24
True,2000,151.9mb,29948,,,,,,,True,prefeitura,2000,21
True,2000,151.9mb,29948,,,,,,,True,prefeitura,2000,7
True,2000,151.9mb,29948,,,,,,,True,prefeitura,2000,24
True,2000,151.9mb,29948,,,,,,,True,prefeitura,2000,22
True,2000,151.9mb,29948,,,,,,,True,prefeitura,2000,17
True,2000,151.9mb,29948,,,,,,,True,prefeitura,2000,24
True,2000,151.9mb,29948,,,,,,,True,prefeitura,2000,24
True,2000,151.9mb,29948,,,,,,,True,prefeitura,2000,8
True,2000,151.9mb,29948,,,,,,,True,prefeitura,2000,10
True,2000,151.9mb,29948,,,,,,,True,prefeitura,2000,15
True,2000,151.9mb,29948,,,,,,,True,prefeitura,2000,8
True,2000,151.9mb,29948,,,,,,,True,prefeitura,2000,8
True,2000,151.9mb,29948,,,,,,,True,prefeitura,2000,17
True,2000,151.9mb,29948,,,,,,,True,prefeitura,2000,20
True,2000,151.9mb,29948,,,,,,,True,prefeitura,2000,9
True,2000,151.9mb,29948,,,,,,,True,prefeitura,2000,7
True,2000,151.9mb,29948,,,,,,,True,prefeitura,2000,11
True,2000,151.9mb,29948,,,,,,,True,prefeitura,2000,10
True,2000,151.9mb,29948,,,,,,,True,prefeitura,2000,11
True,2000,151.9mb,29948,,,,,,,True,prefeitura,2000,32
True,2000,151.9mb,29948,,,,,,,True,prefeitura,2000,11
True,2000,151.9mb,29948,,,,,,,True,prefeitura,2000,17
True,2000,151.9mb,29948,,,,,,,True,prefeitura,2000,10
True,2000,151.9mb,29948,,,,,,,True,prefeitura,2000,6
True,2000,151.9mb,29948,,,,,,,True,prefeitura,2000,9
True,2000,151.9mb,29948,,,,,,,True,prefeitura,2000,9
True,2000,151.9mb,29948,,,,,,,True,prefeitura,2000,10
True,2000,151.9mb,29948,,,,,,,True,prefeitura,2000,8
True,2000,151.9mb,29948,,,,,,,True,prefeitura,2000,10
True,2000,151.9mb,29948,,,,,,,True,prefeitura,2000,8
True,2000,151.9mb,29948,,,,,,,True,prefeitura,2000,9
True,2000,151.9mb,29948,,,,,,,True,prefeitura,2000,5
True,2000,151.9mb,29948,,,,,,,True,prefeitura,2000,7
True,2000,151.9mb,29948,,,,,,,True,prefeitura,2000,5
True,2000,151.9mb,29948,,,,,,,True,prefeitura,2000,6
True,2000,151.9mb,29948,,,,,,,True,prefeitura,2000,4
True,2000,151.9mb,29948,,,,,,,True,prefeitura,2000,8
True,2000,151.9mb,29948,,,,,,,True,prefeitura,2000,5
True,2000,151.9mb,29948,,,,,,,True,prefeitura,2000,3
True,2000,151.9mb,29948,,,,,,,True,prefeitura,2000,3
True,2000,151.9mb,29948,,,,,,,True,prefeitura,2000,4
True,2000,151.9mb,29948,,,,,,,True,prefeitura,2000,4
True,2000,151.9mb,29948,,,,,,,True,prefeitura,2000,4
True,2000,151.9mb,29948,,,,,,,True,prefeitura,2000,3
True,2000,151.9mb,29948,,,,,,,True,prefeitura,2000,6
True,2000,151.9mb,29948,,,,,,,True,prefeitura,2000,12
True,2000,151.9mb,29948,,,,,,,True,prefeitura,2000,4
True,2000,151.9mb,29948,,,,,,,True,prefeitura,2000,4
True,2000,151.9mb,29948,,,,,,,True,prefeitura,2000,14
True,2000,151.9mb,29948,,,,,,,True,prefeitura,2000,10
True,2000,151.9mb,29948,,,,,,,True,prefeitura,2000,10
True,2000,151.9mb,29948,,,,,,,True,prefeitura,2000,10
True,2000,151.9mb,29948,,,,,,,True,prefeitura,2000,13
True,2000,151.9mb,29948,,,,,,,True,prefeitura,2000,9
True,2000,151.9mb,29948,,,,,,,True,prefeitura,2000,6
True,2000,151.9mb,29948,,,,,,,True,prefeitura,2000,13
True,2000,151.9mb,29948,,,,,,,True,prefeitura,2000,9
True,2000,151.9mb,29948,,,,,,,True,Lei de Acesso à Informação,2000,122
True,2000,151.9mb,29948,,,,,,,True,Lei de Acesso à Informação,2000,35
True,2000,151.9mb,29948,,,,,,,True,Lei de Acesso à Informação,2000,23
True,2000,151.9mb,29948,,,,,,,True,Lei de Acesso à Informação,2000,17
True,2000,151.9mb,29948,,,,,,,True,Lei de Acesso à Informação,2000,21
True,2000,151.9mb,29948,,,,,,,True,Lei de Acesso à Informação,2000,14
True,2000,151.9mb,29948,,,,,,,True,Lei de Acesso à Informação,2000,10
True,2000,151.9mb,29948,,,,,,,True,Lei de Acesso à Informação,2000,17
True,2000,151.9mb,29948,,,,,,,True,Lei de Acesso à Informação,2000,20
True,2000,151.9mb,29948,,,,,,,True,Lei de Acesso à Informação,2000,10
True,2000,151.9mb,29948,,,,,,,True,Lei de Acesso à Informação,2000,11
True,2000,151.9mb,29948,,,,,,,True,Lei de Acesso à Informação,2000,7
True,2000,151.9mb,29948,,,,,,,True,Lei de Acesso à Informação,2000,11
True,2000,151.9mb,29948,,,,,,,True,Lei de Acesso à Informação,2000,7
True,2000,151.9mb,29948,,,,,,,True,Lei de Acesso à Informação,2000,8
True,2000,151.9mb,29948,,,,,,,True,Lei de Acesso à Informação,2000,9
True,2000,151.9mb,29948,,,,,,,True,Lei de Acesso à Informação,2000,8
True,2000,151.9mb,29948,,,,,,,True,Lei de Acesso à Informação,2000,8
True,2000,151.9mb,29948,,,,,,,True,Lei de Acesso à Informação,2000,14
True,2000,151.9mb,29948,,,,,,,True,Lei de Acesso à Informação,2000,17
True,2000,151.9mb,29948,,,,,,,True,Lei de Acesso à Informação,2000,7
True,2000,151.9mb,29948,,,,,,,True,Lei de Acesso à Informação,2000,7
True,2000,151.9mb,29948,,,,,,,True,Lei de Acesso à Informação,2000,7
True,2000,151.9mb,29948,,,,,,,True,Lei de Acesso à Informação,2000,16
True,2000,151.9mb,29948,,,,,,,True,Lei de Acesso à Informação,2000,6
True,2000,151.9mb,29948,,,,,,,True,Lei de Acesso à Informação,2000,17
True,2000,151.9mb,29948,,,,,,,True,Lei de Acesso à Informação,2000,15
True,2000,151.9mb,29948,,,,,,,True,Lei de Acesso à Informação,2000,6
True,2000,151.9mb,29948,,,,,,,True,Lei de Acesso à Informação,2000,5
True,2000,151.9mb,29948,,,,,,,True,Lei de Acesso à Informação,2000,24
True,2000,151.9mb,29948,,,,,,,True,Lei de Acesso à Informação,2000,21
True,2000,151.9mb,29948,,,,,,,True,Lei de Acesso à Informação,2000,6
True,2000,151.9mb,29948,,,,,,,True,Lei de Acesso à Informação,2000,16
True,2000,151.9mb,29948,,,,,,,True,Lei de Acesso à Informação,2000,5
True,2000,151.9mb,29948,,,,,,,True,Lei de Acesso à Informação,2000,7
True,2000,151.9mb,29948,,,,,,,True,Lei de Acesso à Informação,2000,7
True,2000,151.9mb,29948,,,,,,,True,Lei de Acesso à Informação,2000,9
True,2000,151.9mb,29948,,,,,,,True,Lei de Acesso à Informação,2000,13
True,2000,151.9mb,29948,,,,,,,True,Lei de Acesso à Informação,2000,17
True,2000,151.9mb,29948,,,,,,,True,Lei de Acesso à Informação,2000,10
True,2000,151.9mb,29948,,,,,,,True,Lei de Acesso à Informação,2000,9
True,2000,151.9mb,29948,,,,,,,True,Lei de Acesso à Informação,2000,21
True,2000,151.9mb,29948,,,,,,,True,Lei de Acesso à Informação,2000,23
True,2000,151.9mb,29948,,,,,,,True,Lei de Acesso à Informação,2000,7
True,2000,151.9mb,29948,,,,,,,True,Lei de Acesso à Informação,2000,10
True,2000,151.9mb,29948,,,,,,,True,Lei de Acesso à Informação,2000,13
True,2000,151.9mb,29948,,,,,,,True,Lei de Acesso à Informação,2000,5
True,2000,151.9mb,29948,,,,,,,True,Lei de Acesso à Informação,2000,16
True,2000,151.9mb,29948,,,,,,,True,Lei de Acesso à Informação,2000,21
True,2000,151.9mb,29948,,,,,,,True,Lei de Acesso à Informação,2000,17
True,2000,151.9mb,29948,,,,,,,True,Lei de Acesso à Informação,2000,14
True,2000,151.9mb,29948,,,,,,,True,Lei de Acesso à Informação,2000,25
True,2000,151.9mb,29948,,,,,,,True,Lei de Acesso à Informação,2000,24
True,2000,151.9mb,29948,,,,,,,True,Lei de Acesso à Informação,2000,21
True,2000,151.9mb,29948,,,,,,,True,Lei de Acesso à Informação,2000,21
True,2000,151.9mb,29948,,,,,,,True,Lei de Acesso à Informação,2000,25
True,2000,151.9mb,29948,,,,,,,True,Lei de Acesso à Informação,2000,23
True,2000,151.9mb,29948,,,,,,,True,Lei de Acesso à Informação,2000,25
True,2000,151.9mb,29948,,,,,,,True,Lei de Acesso à Informação,2000,20
True,2000,151.9mb,29948,,,,,,,True,Lei de Acesso à Informação,2000,20
True,2000,151.9mb,29948,,,,,,,True,Lei de Acesso à Informação,2000,11
True,2000,151.9mb,29948,,,,,,,True,Lei de Acesso à Informação,2000,11
True,2000,151.9mb,29948,,,,,,,True,Lei de Acesso à Informação,2000,15
True,2000,151.9mb,29948,,,,,,,True,Lei de Acesso à Informação,2000,8
True,2000,151.9mb,29948,,,,,,,True,Lei de Acesso à Informação,2000,9
True,2000,151.9mb,29948,,,,,,,True,Lei de Acesso à Informação,2000,6
True,2000,151.9mb,29948,,,,,,,True,Lei de Acesso à Informação,2000,6
True,2000,151.9mb,29948,,,,,,,True,Lei de Acesso à Informação,2000,4
True,2000,151.9mb,29948,,,,,,,True,Lei de Acesso à Informação,2000,11
True,2000,151.9mb,29948,,,,,,,True,Lei de Acesso à Informação,2000,5
True,2000,151.9mb,29948,,,,,,,True,Lei de Acesso à Informação,2000,5
True,2000,151.9mb,29948,,,,,,,True,Lei de Acesso à Informação,2000,5
True,2000,151.9mb,29948,,,,,,,True,Lei de Acesso à Informação,2000,6
True,2000,151.9mb,29948,,,,,,,True,Lei de Acesso à Informação,2000,4
True,2000,151.9mb,29948,,,,,,,True,Lei de Acesso à Informação,2000,5
True,2000,151.9mb,29948,,,,,,,True,Lei de Acesso à Informação,2000,5
True,2000,151.9mb,29948,,,,,,,True,Lei de Acesso à Informação,2000,5
True,2000,151.9mb,29948,,,,,,,True,Lei de Acesso à Informação,2000,5
True,2000,151.9mb,29948,,,,,,,True,Lei de Acesso à Informação,2000,9
True,2000,151.9mb,29948,,,,,,,True,Lei de Acesso à Informação,2000,8
True,2000,151.9mb,29948,,,,,,,True,Lei de Acesso à Informação,2000,5
True,2000,151.9mb,29948,,,,,,,True,Lei de Acesso à Informação,2000,5
True,2000,151.9mb,29948,,,,,,,True,Lei de Acesso à Informação,2000,6
True,2000,151.9mb,29948,,,,,,,True,Lei de Acesso à Informação,2000,5
True,2000,151.9mb,29948,,,,,,,True,Lei de Acesso à Informação,2000,4
True,2000,151.9mb,29948,,,,,,,True,Lei de Acesso à Informação,2000,7
True,2000,151.9mb,29948,,,,,,,True,Lei de Acesso à Informação,2000,5
True,2000,151.9mb,29948,,,,,,,True,Lei de Acesso à Informação,2000,8
True,2000,151.9mb,29948,,,,,,,True,Lei de Acesso à Informação,2000,5
True,2000,151.9mb,29948,,,,,,,True,Lei de Acesso à Informação,2000,6
True,2000,151.9mb,29948,,,,,,,True,Lei de Acesso à Informação,2000,6
True,2000,151.9mb,29948,,,,,,,True,Lei de Acesso à Informação,2000,7
True,2000,151.9mb,29948,,,,,,,True,Lei de Acesso à Informação,2000,5
True,2000,151.9mb,29948,,,,,,,True,Lei de Acesso à Informação,2000,12
True,2000,151.9mb,29948,,,,,,,True,Lei de Acesso à Informação,2000,14
True,2000,151.9mb,29948,,,,,,,True,Lei de Acesso à Informação,2000,5
True,2000,151.9mb,29948,,,,,,,True,Lei de Acesso à Informação,2000,6
True,2000,151.9mb,29948,,,,,,,True,Lei de Acesso à Informação,2000,16
True,2000,151.9mb,29948,,,,,,,True,Lei de Acesso à Informação,2000,6
True,2000,151.9mb,29948,,,,,,,True,Lei de Acesso à Informação,2000,15
True,2000,151.9mb,29948,,,,Lei de Acesso à Informação,8,10000,,,,
True,2000,151.9mb,29948,,,,Lei de Acesso à Informação,6,10000,,,,
True,2000,151.9mb,29948,,,,Lei de Acesso à Informação,3,10000,,,,
True,2000,151.9mb,29948,,,,Lei de Acesso à Informação,5,10000,,,,
True,2000,151.9mb,29948,,,,Lei de Acesso à Informação,12,10000,,,,
True,2000,151.9mb,29948,,,,Lei de Acesso à Informação,4,10000,,,,
True,2000,151.9mb,29948,,,,Lei de Acesso à Informação,10,10000,,,,
True,2000,151.9mb,29948,,,,Lei de Acesso à Informação,3,10000,,,,
True,2000,151.9mb,29948,,,,Lei de Acesso à Informação,3,10000,,,,
True,2000,151.9mb,29948,,,,Lei de Acesso à Informação,4,10000,,,,
True,2000,151.9mb,29948,,,,Lei de Acesso à Informação,3,10000,,,,
True,2000,151.9mb,29948,,,,Lei de Acesso à Informação,6,10000,,,,
True,2000,151.9mb,29948,,,,Lei de Acesso à Informação,5,10000,,,,
True,2000,151.9mb,29948,,,,Lei de Acesso à Informação,8,10000,,,,
True,2000,151.9mb,29948,,,,Lei de Acesso à Informação,7,10000,,,,
True,2000,151.9mb,29948,,,,Lei de Acesso à Informação,8,10000,,,,
True,2000,151.9mb,29948,,,,Lei de Acesso à Informação,6,10000,,,,
True,2000,151.9mb,29948,,,,Lei de Acesso à Informação,12,10000,,,,
True,2000,151.9mb,29948,,,,Lei de Acesso à Informação,8,10000,,,,
True,2000,151.9mb,29948,,,,Lei de Acesso à Informação,13,10000,,,,
True,2000,151.9mb,29948,,,,Lei de Acesso à Informação,12,10000,,,,
True,2000,151.9mb,29948,,,,Lei de Acesso à Informação,7,10000,,,,
True,2000,151.9mb,29948,,,,Lei de Acesso à Informação,7,10000,,,,
True,2000,151.9mb,29948,,,,Lei de Acesso à Informação,7,10000,,,,
True,2000,151.9mb,29948,,,,Lei de Acesso à Informação,20,10000,,,,
True,2000,151.9mb,29948,,,,Lei de Acesso à Informação,6,10000,,,,
True,2000,151.9mb,29948,,,,Lei de Acesso à Informação,17,10000,,,,
True,2000,151.9mb,29948,,,,Lei de Acesso à Informação,18,10000,,,,
True,2000,151.9mb,29948,,,,Lei de Acesso à Informação,9,10000,,,,
True,2000,151.9mb,29948,,,,Lei de Acesso à Informação,12,10000,,,,
True,2000,151.9mb,29948,,,,Lei de Acesso à Informação,15,10000,,,,
True,2000,151.9mb,29948,,,,Lei de Acesso à Informação,22,10000,,,,
True,2000,151.9mb,29948,,,,Lei de Acesso à Informação,19,10000,,,,
True,2000,151.9mb,29948,,,,Lei de Acesso à Informação,18,10000,,,,
True,2000,151.9mb,29948,,,,Lei de Acesso à Informação,19,10000,,,,
True,2000,151.9mb,29948,,,,Lei de Acesso à Informação,18,10000,,,,
True,2000,151.9mb,29948,,,,Lei de Acesso à Informação,18,10000,,,,
True,2000,151.9mb,29948,,,,Lei de Acesso à Informação,17,10000,,,,
True,2000,151.9mb,29948,,,,Lei de Acesso à Informação,29,10000,,,,
True,2000,151.9mb,29948,,,,Lei de Acesso à Informação,13,10000,,,,
True,2000,151.9mb,29948,,,,Lei de Acesso à Informação,15,10000,,,,
True,2000,151.9mb,29948,,,,Lei de Acesso à Informação,11,10000,,,,
True,2000,151.9mb,29948,,,,Lei de Acesso à Informação,10,10000,,,,
True,2000,151.9mb,29948,,,,Lei de Acesso à Informação,21,10000,,,,
True,2000,151.9mb,29948,,,,Lei de Acesso à Informação,23,10000,,,,
True,2000,151.9mb,29948,,,,Lei de Acesso à Informação,16,10000,,,,
True,2000,151.9mb,29948,,,,Lei de Acesso à Informação,11,10000,,,,
True,2000,151.9mb,29948,,,,Lei de Acesso à Informação,11,10000,,,,
True,2000,151.9mb,29948,,,,Lei de Acesso à Informação,10,10000,,,,
True,2000,151.9mb,29948,,,,Lei de Acesso à Informação,7,10000,,,,
True,2000,151.9mb,29948,,,,Lei de Acesso à Informação,8,10000,,,,
True,2000,151.9mb,29948,,,,Lei de Acesso à Informação,9,10000,,,,
True,2000,151.9mb,29948,,,,Lei de Acesso à Informação,7,10000,,,,
True,2000,151.9mb,29948,,,,Lei de Acesso à Informação,10,10000,,,,
True,2000,151.9mb,29948,,,,Lei de Acesso à Informação,14,10000,,,,
True,2000,151.9mb,29948,,,,Lei de Acesso à Informação,13,10000,,,,
True,2000,151.9mb,29948,,,,Lei de Acesso à Informação,11,10000,,,,
True,2000,151.9mb,29948,,,,Lei de Acesso à Informação,10,10000,,,,
True,2000,151.9mb,29948,,,,Lei de Acesso à Informação,7,10000,,,,
True,2000,151.9mb,29948,,,,Lei de Acesso à Informação,6,10000,,,,
True,2000,151.9mb,29948,,,,Lei de Acesso à Informação,8,10000,,,,
True,2000,151.9mb,29948,,,,Lei de Acesso à Informação,12,10000,,,,
True,2000,151.9mb,29948,,,,Lei de Acesso à Informação,7,10000,,,,
True,2000,151.9mb,29948,,,,Lei de Acesso à Informação,9,10000,,,,
True,2000,151.9mb,29948,,,,Lei de Acesso à Informação,7,10000,,,,
True,2000,151.9mb,29948,,,,Lei de Acesso à Informação,7,10000,,,,
True,2000,151.9mb,29948,,,,Lei de Acesso à Informação,7,10000,,,,
True,2000,151.9mb,29948,,,,Lei de Acesso à Informação,10,10000,,,,
True,2000,151.9mb,29948,,,,Lei de Acesso à Informação,7,10000,,,,
True,2000,151.9mb,29948,,,,Lei de Acesso à Informação,8,10000,,,,
True,2000,151.9mb,29948,,,,Lei de Acesso à Informação,10,10000,,,,
True,2000,151.9mb,29948,,,,Lei de Acesso à Informação,7,10000,,,,
True,2000,151.9mb,29948,,,,Lei de Acesso à Informação,6,10000,,,,
True,2000,151.9mb,29948,,,,Lei de Acesso à Informação,6,10000,,,,
True,2000,151.9mb,29948,,,,Lei de Acesso à Informação,7,10000,,,,
True,2000,151.9mb,29948,,,,Lei de Acesso à Informação,6,10000,,,,
True,2000,151.9mb,29948,,,,Lei de Acesso à Informação,6,10000,,,,
True,2000,151.9mb,29948,,,,Lei de Acesso à Informação,6,10000,,,,
True,2000,151.9mb,29948,,,,Lei de Acesso à Informação,6,10000,,,,
True,2000,151.9mb,29948,,,,Lei de Acesso à Informação,3,10000,,,,
True,2000,151.9mb,29948,,,,Lei de Acesso à Informação,3,10000,,,,
True,2000,151.9mb,29948,,,,Lei de Acesso à Informação,3,10000,,,,
True,2000,151.9mb,29948,,,,Lei de Acesso à Informação,3,10000,,,,
True,2000,151.9mb,29948,,,,Lei de Acesso à Informação,4,10000,,,,
True,2000,151.9mb,29948,,,,Lei de Acesso à Informação,4,10000,,,,
True,2000,151.9mb,29948,,,,Lei de Acesso à Informação,5,10000,,,,
True,2000,151.9mb,29948,,,,Lei de Acesso à Informação,5,10000,,,,
True,2000,151.9mb,29948,,,,Lei de Acesso à Informação,3,10000,,,,
True,2000,151.9mb,29948,,,,Lei de Acesso à Informação,3,10000,,,,
True,2000,151.9mb,29948,,,,Lei de Acesso à Informação,3,10000,,,,
True,2000,151.9mb,29948,,,,Lei de Acesso à Informação,3,10000,,,,
True,2000,151.9mb,29948,,,,Lei de Acesso à Informação,3,10000,,,,
True,2000,151.9mb,29948,,,,Lei de Acesso à Informação,3,10000,,,,
True,2000,151.9mb,29948,,,,Lei de Acesso à Informação,3,10000,,,,
True,2000,151.9mb,29948,,,,Lei de Acesso à Informação,3,10000,,,,
True,2000,151.9mb,29948,,,,Lei de Acesso à Informação,4,10000,,,,
True,2000,151.9mb,29948,,,,Lei de Acesso à Informação,4,10000,,,,
True,2000,151.9mb,29948,,,,Lei de Acesso à Informação,3,10000,,,,
True,2000,151.9mb,29948,,,,Lei de Acesso à Informação,4,10000,,,,
True,2000,151.9mb,29948,,,,Lei de Acesso à Informação,4,10000,,,,
True,2000,151.9mb,29948,,,,LAI,2,2,,,,
True,2000,151.9mb,29948,,,,LAI,1,2,,,,
True,2000,151.9mb,29948,,,,LAI,1,2,,,,
True,2000,151.9mb,29948,,,,LAI,2,2,,,,
True,2000,151.9mb,29948,,,,LAI,2,2,,,,
True,2000,151.9mb,29948,,,,LAI,1,2,,,,
True,2000,151.9mb,29948,,,,LAI,1,2,,,,
True,2000,151.9mb,29948,,,,LAI,1,2,,,,
True,2000,151.9mb,29948,,,,LAI,1,2,,,,
True,2000,151.9mb,29948,,,,LAI,1,2,,,,
True,2000,151.9mb,29948,,,,LAI,1,2,,,,
True,2000,151.9mb,29948,,,,LAI,1,2,,,,
True,2000,151.9mb,29948,,,,LAI,2,2,,,,
True,2000,151.9mb,29948,,,,LAI,2,2,,,,
True,2000,151.9mb,29948,,,,LAI,3,2,,,,
True,2000,151.9mb,29948,,,,LAI,2,2,,,,
True,2000,151.9mb,29948,,,,LAI,2,2,,,,
True,2000,151.9mb,29948,,,,LAI,2,2,,,,
True,2000,151.9mb,29948,,,,LAI,2,2,,,,
True,2000,151.9mb,29948,,,,LAI,1,2,,,,
True,2000,151.9mb,29948,,,,LAI,1,2,,,,
True,2000,151.9mb,29948,,,,LAI,1,2,,,,
True,2000,151.9mb,29948,,,,LAI,1,2,,,,
True,2000,151.9mb,29948,,,,LAI,1,2,,,,
True,2000,151.9mb,29948,,,,LAI,1,2,,,,
True,2000,151.9mb,29948,,,,LAI,2,2,,,,
True,2000,151.9mb,29948,,,,LAI,2,2,,,,
True,2000,151.9mb,29948,,,,LAI,1,2,,,,
True,2000,151.9mb,29948,,,,LAI,2,2,,,,
True,2000,151.9mb,29948,,,,LAI,1,2,,,,
True,2000,151.9mb,29948,,,,LAI,1,2,,,,
True,2000,151.9mb,29948,,,,LAI,1,2,,,,
True,2000,151.9mb,29948,,,,LAI,1,2,,,,
True,2000,151.9mb,29948,,,,LAI,1,2,,,,
True,2000,151.9mb,29948,,,,LAI,3,2,,,,
True,2000,151.9mb,29948,,,,LAI,2,2,,,,
True,2000,151.9mb,29948,,,,LAI,2,2,,,,
True,2000,151.9mb,29948,,,,LAI,1,2,,,,
True,2000,151.9mb,29948,,,,LAI,1,2,,,,
True,2000,151.9mb,29948,,,,LAI,2,2,,,,
True,2000,151.9mb,29948,,,,LAI,1,2,,,,
True,2000,151.9mb,29948,,,,LAI,1,2,,,,
True,2000,151.9mb,29948,,,,LAI,2,2,,,,
True,2000,151.9mb,29948,,,,LAI,1,2,,,,
True,2000,151.9mb,29948,,,,LAI,1,2,,,,
True,2000,151.9mb,29948,,,,LAI,1,2,,,,
True,2000,151.9mb,29948,,,,LAI,1,2,,,,
True,2000,151.9mb,29948,,,,LAI,2,2,,,,
True,2000,151.9mb,29948,,,,LAI,2,2,,,,
True,2000,151.9mb,29948,,,,LAI,2,2,,,,
True,2000,151.9mb,29948,,,,LAI,2,2,,,,
True,2000,151.9mb,29948,,,,LAI,1,2,,,,
True,2000,151.9mb,29948,,,,LAI,1,2,,,,
True,2000,151.9mb,29948,,,,LAI,1,2,,,,
True,2000,151.9mb,29948,,,,LAI,1,2,,,,
True,2000,151.9mb,29948,,,,LAI,1,2,,,,
True,2000,151.9mb,29948,,,,LAI,1,2,,,,
True,2000,151.9mb,29948,,,,LAI,1,2,,,,
True,2000,151.9mb,29948,,,,LAI,1,2,,,,
True,2000,151.9mb,29948,,,,LAI,1,2,,,,
True,2000,151.9mb,29948,,,,LAI,1,2,,,,
True,2000,151.9mb,29948,,,,LAI,1,2,,,,
True,2000,151.9mb,29948,,,,LAI,2,2,,,,
True,2000,151.9mb,29948,,,,LAI,2,2,,,,
True,2000,151.9mb,29948,,,,LAI,2,2,,,,
True,2000,151.9mb,29948,,,,LAI,1,2,,,,
True,2000,151.9mb,29948,,,,LAI,2,2,,,,
True,2000,151.9mb,29948,,,,LAI,1,2,,,,
True,2000,151.9mb,29948,,,,LAI,1,2,,,,
True,2000,151.9mb,29948,,,,LAI,2,2,,,,
True,2000,151.9mb,29948,,,,LAI,1,2,,,,
True,2000,151.9mb,29948,,,,LAI,1,2,,,,
True,2000,151.9mb,29948,,,,LAI,2,2,,,,
True,2000,151.9mb,29948,,,,LAI,1,2,,,,
True,2000,151.9mb,29948,,,,LAI,1,2,,,,
True,2000,151.9mb,29948,,,,LAI,1,2,,,,
True,2000,151.9mb,29948,,,,LAI,1,2,,,,
True,2000,151.9mb,29948,,,,LAI,2,2,,,,
True,2000,151.9mb,29948,,,,LAI,2,2,,,,
True,2000,151.9mb,29948,,,,LAI,2,2,,,,
True,2000,151.9mb,29948,,,,LAI,1,2,,,,
True,2000,151.9mb,29948,,,,LAI,1,2,,,,
True,2000,151.9mb,29948,,,,LAI,1,2,,,,
True,2000,151.9mb,29948,,,,LAI,2,2,,,,
True,2000,151.9mb,29948,,,,LAI,3,2,,,,
True,2000,151.9mb,29948,,,,LAI,2,2,,,,
True,2000,151.9mb,29948,,,,LAI,4,2,,,,
True,2000,151.9mb,29948,,,,LAI,1,2,,,,
True,2000,151.9mb,29948,,,,LAI,2,2,,,,
True,2000,151.9mb,29948,,,,LAI,2,2,,,,
True,2000,151.9mb,29948,,,,LAI,3,2,,,,
True,2000,151.9mb,29948,,,,LAI,2,2,,,,
True,2000,151.9mb,29948,,,,LAI,1,2,,,,
True,2000,151.9mb,29948,,,,LAI,2,2,,,,
True,2000,151.9mb,29948,,,,LAI,1,2,,,,
True,2000,151.9mb,29948,,,,LAI,2,2,,,,
True,2000,151.9mb,29948,,,,LAI,10,2,,,,
True,2000,151.9mb,29948,,,,LAI,3,2,,,,
True,2000,151.9mb,29948,,,,LAI,1,2,,,,
True,2000,151.9mb,29948,,,,LAI,1,2,,,,
True,2000,151.9mb,29948,,,,Lei Geral de Proteção de Dados Pessoais,12,10000,,,,
True,2000,151.9mb,29948,,,,Lei Geral de Proteção de Dados Pessoais,7,10000,,,,
True,2000,151.9mb,29948,,,,Lei Geral de Proteção de Dados Pessoais,4,10000,,,,
True,2000,151.9mb,29948,,,,Lei Geral de Proteção de Dados Pessoais,6,10000,,,,
True,2000,151.9mb,29948,,,,Lei Geral de Proteção de Dados Pessoais,4,10000,,,,
True,2000,151.9mb,29948,,,,Lei Geral de Proteção de Dados Pessoais,4,10000,,,,
True,2000,151.9mb,29948,,,,Lei Geral de Proteção de Dados Pessoais,6,10000,,,,
True,2000,151.9mb,29948,,,,Lei Geral de Proteção de Dados Pessoais,6,10000,,,,
True,2000,151.9mb,29948,,,,Lei Geral de Proteção de Dados Pessoais,4,10000,,,,
True,2000,151.9mb,29948,,,,Lei Geral de Proteção de Dados Pessoais,4,10000,,,,
True,2000,151.9mb,29948,,,,Lei Geral de Proteção de Dados Pessoais,6,10000,,,,
True,2000,151.9mb,29948,,,,Lei Geral de Proteção de Dados Pessoais,4,10000,,,,
True,2000,151.9mb,29948,,,,Lei Geral de Proteção de Dados Pessoais,4,10000,,,,
True,2000,151.9mb,29948,,,,Lei Geral de Proteção de Dados Pessoais,5,10000,,,,
True,2000,151.9mb,29948,,,,Lei Geral de Proteção de Dados Pessoais,4,10000,,,,
True,2000,151.9mb,29948,,,,Lei Geral de Proteção de Dados Pessoais,4,10000,,,,
True,2000,151.9mb,29948,,,,Lei Geral de Proteção de Dados Pessoais,5,10000,,,,
True,2000,151.9mb,29948,,,,Lei Geral de Proteção de Dados Pessoais,4,10000,,,,
True,2000,151.9mb,29948,,,,Lei Geral de Proteção de Dados Pessoais,4,10000,,,,
True,2000,151.9mb,29948,,,,Lei Geral de Proteção de Dados Pessoais,5,10000,,,,
True,2000,151.9mb,29948,,,,Lei Geral de Proteção de Dados Pessoais,4,10000,,,,
True,2000,151.9mb,29948,,,,Lei Geral de Proteção de Dados Pessoais,5,10000,,,,
True,2000,151.9mb,29948,,,,Lei Geral de Proteção de Dados Pessoais,5,10000,,,,
True,2000,151.9mb,29948,,,,Lei Geral de Proteção de Dados Pessoais,5,10000,,,,
True,2000,151.9mb,29948,,,,Lei Geral de Proteção de Dados Pessoais,5,10000,,,,
True,2000,151.9mb,29948,,,,Lei Geral de Proteção de Dados Pessoais,4,10000,,,,
True,2000,151.9mb,29948,,,,Lei Geral de Proteção de Dados Pessoais,5,10000,,,,
True,2000,151.9mb,29948,,,,Lei Geral de Proteção de Dados Pessoais,4,10000,,,,
True,2000,151.9mb,29948,,,,Lei Geral de Proteção de Dados Pessoais,5,10000,,,,
True,2000,151.9mb,29948,,,,Lei Geral de Proteção de Dados Pessoais,4,10000,,,,
True,2000,151.9mb,29948,,,,Lei Geral de Proteção de Dados Pessoais,4,10000,,,,
True,2000,151.9mb,29948,,,,Lei Geral de Proteção de Dados Pessoais,7,10000,,,,
True,2000,151.9mb,29948,,,,Lei Geral de Proteção de Dados Pessoais,4,10000,,,,
True,2000,151.9mb,29948,,,,Lei Geral de Proteção de Dados Pessoais,4,10000,,,,
True,2000,151.9mb,29948,,,,Lei Geral de Proteção de Dados Pessoais,5,10000,,,,
True,2000,151.9mb,29948,,,,Lei Geral de Proteção de Dados Pessoais,5,10000,,,,
True,2000,151.9mb,29948,,,,Lei Geral de Proteção de Dados Pessoais,4,10000,,,,
True,2000,151.9mb,29948,,,,Lei Geral de Proteção de Dados Pessoais,4,10000,,,,
True,2000,151.9mb,29948,,,,Lei Geral de Proteção de Dados Pessoais,5,10000,,,,
True,2000,151.9mb,29948,,,,Lei Geral de Proteção de Dados Pessoais,4,10000,,,,
True,2000,151.9mb,29948,,,,Lei Geral de Proteção de Dados Pessoais,4,10000,,,,
True,2000,151.9mb,29948,,,,Lei Geral de Proteção de Dados Pessoais,4,10000,,,,
True,2000,151.9mb,29948,,,,Lei Geral de Proteção de Dados Pessoais,4,10000,,,,
True,2000,151.9mb,29948,,,,Lei Geral de Proteção de Dados Pessoais,4,10000,,,,
True,2000,151.9mb,29948,,,,Lei Geral de Proteção de Dados Pessoais,4,10000,,,,
True,2000,151.9mb,29948,,,,Lei Geral de Proteção de Dados Pessoais,6,10000,,,,
True,2000,151.9mb,29948,,,,Lei Geral de Proteção de Dados Pessoais,4,10000,,,,
True,2000,151.9mb,29948,,,,Lei Geral de Proteção de Dados Pessoais,4,10000,,,,
True,2000,151.9mb,29948,,,,Lei Geral de Proteção de Dados Pessoais,4,10000,,,,
True,2000,151.9mb,29948,,,,Lei Geral de Proteção de Dados Pessoais,4,10000,,,,
True,2000,151.9mb,29948,,,,Lei Geral de Proteção de Dados Pessoais,5,10000,,,,
True,2000,151.9mb,29948,,,,Lei Geral de Proteção de Dados Pessoais,10,10000,,,,
True,2000,151.9mb,29948,,,,Lei Geral de Proteção de Dados Pessoais,4,10000,,,,
True,2000,151.9mb,29948,,,,Lei Geral de Proteção de Dados Pessoais,6,10000,,,,
True,2000,151.9mb,29948,,,,Lei Geral de Proteção de Dados Pessoais,5,10000,,,,
True,2000,151.9mb,29948,,,,Lei Geral de Proteção de Dados Pessoais,4,10000,,,,
True,2000,151.9mb,29948,,,,Lei Geral de Proteção de Dados Pessoais,6,10000,,,,
True,2000,151.9mb,29948,,,,Lei Geral de Proteção de Dados Pessoais,4,10000,,,,
True,2000,151.9mb,29948,,,,Lei Geral de Proteção de Dados Pessoais,4,10000,,,,
True,2000,151.9mb,29948,,,,Lei Geral de Proteção de Dados Pessoais,4,10000,,,,
True,2000,151.9mb,29948,,,,Lei Geral de Proteção de Dados Pessoais,4,10000,,,,
True,2000,151.9mb,29948,,,,Lei Geral de Proteção de Dados Pessoais,4,10000,,,,
True,2000,151.9mb,29948,,,,Lei Geral de Proteção de Dados Pessoais,4,10000,,,,
True,2000,151.9mb,29948,,,,Lei Geral de Proteção de Dados Pessoais,4,10000,,,,
True,2000,151.9mb,29948,,,,Lei Geral de Proteção de Dados Pessoais,4,10000,,,,
True,2000,151.9mb,29948,,,,Lei Geral de Proteção de Dados Pessoais,4,10000,,,,
True,2000,151.9mb,29948,,,,Lei Geral de Proteção de Dados Pessoais,5,10000,,,,
True,2000,151.9mb,29948,,,,Lei Geral de Proteção de Dados Pessoais,10,10000,,,,
True,2000,151.9mb,29948,,,,Lei Geral de Proteção de Dados Pessoais,6,10000,,,,
True,2000,151.9mb,29948,,,,Lei Geral de Proteção de Dados Pessoais,14,10000,,,,
True,2000,151.9mb,29948,,,,Lei Geral de Proteção de Dados Pessoais,4,10000,,,,
True,2000,151.9mb,29948,,,,Lei Geral de Proteção de Dados Pessoais,5,10000,,,,
True,2000,151.9mb,29948,,,,Lei Geral de Proteção de Dados Pessoais,10,10000,,,,
True,2000,151.9mb,29948,,,,Lei Geral de Proteção de Dados Pessoais,10,10000,,,,
True,2000,151.9mb,29948,,,,Lei Geral de Proteção de Dados Pessoais,13,10000,,,,
True,2000,151.9mb,29948,,,,Lei Geral de Proteção de Dados Pessoais,12,10000,,,,
True,2000,151.9mb,29948,,,,Lei Geral de Proteção de Dados Pessoais,15,10000,,,,
True,2000,151.9mb,29948,,,,Lei Geral de Proteção de Dados Pessoais,14,10000,,,,
True,2000,151.9mb,29948,,,,Lei Geral de Proteção de Dados Pessoais,12,10000,,,,
True,2000,151.9mb,29948,,,,Lei Geral de Proteção de Dados Pessoais,12,10000,,,,
True,2000,151.9mb,29948,,,,Lei Geral de Proteção de Dados Pessoais,13,10000,,,,
True,2000,151.9mb,29948,,,,Lei Geral de Proteção de Dados Pessoais,16,10000,,,,
True,2000,151.9mb,29948,,,,Lei Geral de Proteção de Dados Pessoais,16,10000,,,,
True,2000,151.9mb,29948,,,,Lei Geral de Proteção de Dados Pessoais,15,10000,,,,
True,2000,151.9mb,29948,,,,Lei Geral de Proteção de Dados Pessoais,16,10000,,,,
True,2000,151.9mb,29948,,,,Lei Geral de Proteção de Dados Pessoais,5,10000,,,,
True,2000,151.9mb,29948,,,,Lei Geral de Proteção de Dados Pessoais,10,10000,,,,
True,2000,151.9mb,29948,,,,Lei Geral de Proteção de Dados Pessoais,20,10000,,,,
True,2000,151.9mb,29948,,,,Lei Geral de Proteção de Dados Pessoais,21,10000,,,,
True,2000,151.9mb,29948,,,,Lei Geral de Proteção de Dados Pessoais,5,10000,,,,
True,2000,151.9mb,29948,,,,Lei Geral de Proteção de Dados Pessoais,7,10000,,,,
True,2000,151.9mb,29948,,,,Lei Geral de Proteção de Dados Pessoais,8,10000,,,,
True,2000,151.9mb,29948,,,,Lei Geral de Proteção de Dados Pessoais,6,10000,,,,
True,2000,151.9mb,29948,,,,Lei Geral de Proteção de Dados Pessoais,6,10000,,,,
True,2000,151.9mb,29948,,,,Lei Geral de Proteção de Dados Pessoais,8,10000,,,,
True,2000,151.9mb,29948,,,,Lei Geral de Proteção de Dados Pessoais,5,10000,,,,
True,2000,151.9mb,29948,,,,Lei Geral de Proteção de Dados Pessoais,4,10000,,,,
True,2000,151.9mb,29948,,,,Lei Geral de Proteção de Dados Pessoais,5,10000,,,,
True,2000,151.9mb,29948,,,,Lei Geral de Proteção de Dados Pessoais,5,10000,,,,
True,2000,151.9mb,29948,,,,Lei Geral de Proteção de Dados Pessoais,6,10000,,,,
True,2000,151.9mb,29948,,,,LGPD,4,18,,,,
True,2000,151.9mb,29948,,,,LGPD,2,18,,,,
True,2000,151.9mb,29948,,,,LGPD,2,18,,,,
True,2000,151.9mb,29948,,,,LGPD,1,18,,,,
True,2000,151.9mb,29948,,,,LGPD,1,18,,,,
True,2000,151.9mb,29948,,,,LGPD,1,18,,,,
True,2000,151.9mb,29948,,,,LGPD,2,18,,,,
True,2000,151.9mb,29948,,,,LGPD,2,18,,,,
True,2000,151.9mb,29948,,,,LGPD,2,18,,,,
True,2000,151.9mb,29948,,,,LGPD,1,18,,,,
True,2000,151.9mb,29948,,,,LGPD,1,18,,,,
True,2000,151.9mb,29948,,,,LGPD,1,18,,,,
True,2000,151.9mb,29948,,,,LGPD,2,18,,,,
True,2000,151.9mb,29948,,,,LGPD,2,18,,,,
True,2000,151.9mb,29948,,,,LGPD,2,18,,,,
True,2000,151.9mb,29948,,,,LGPD,1,18,,,,
True,2000,151.9mb,29948,,,,LGPD,1,18,,,,
True,2000,151.9mb,29948,,,,LGPD,2,18,,,,
True,2000,151.9mb,29948,,,,LGPD,2,18,,,,
True,2000,151.9mb,29948,,,,LGPD,2,18,,,,
True,2000,151.9mb,29948,,,,LGPD,2,18,,,,
True,2000,151.9mb,29948,,,,LGPD,2,18,,,,
True,2000,151.9mb,29948,,,,LGPD,2,18,,,,
True,2000,151.9mb,29948,,,,LGPD,2,18,,,,
True,2000,151.9mb,29948,,,,LGPD,2,18,,,,
True,2000,151.9mb,29948,,,,LGPD,1,18,,,,
True,2000,151.9mb,29948,,,,LGPD,2,18,,,,
True,2000,151.9mb,29948,,,,LGPD,2,18,,,,
True,2000,151.9mb,29948,,,,LGPD,2,18,,,,
True,2000,151.9mb,29948,,,,LGPD,1,18,,,,
True,2000,151.9mb,29948,,,,LGPD,2,18,,,,
True,2000,151.9mb,29948,,,,LGPD,2,18,,,,
True,2000,151.9mb,29948,,,,LGPD,2,18,,,,
True,2000,151.9mb,29948,,,,LGPD,5,18,,,,
True,2000,151.9mb,29948,,,,LGPD,2,18,,,,
True,2000,151.9mb,29948,,,,LGPD,2,18,,,,
True,2000,151.9mb,29948,,,,LGPD,2,18,,,,
True,2000,151.9mb,29948,,,,LGPD,2,18,,,,
True,2000,151.9mb,29948,,,,LGPD,2,18,,,,
True,2000,151.9mb,29948,,,,LGPD,2,18,,,,
True,2000,151.9mb,29948,,,,LGPD,2,18,,,,
True,2000,151.9mb,29948,,,,LGPD,3,18,,,,
True,2000,151.9mb,29948,,,,LGPD,3,18,,,,
True,2000,151.9mb,29948,,,,LGPD,2,18,,,,
True,2000,151.9mb,29948,,,,LGPD,2,18,,,,
True,2000,151.9mb,29948,,,,LGPD,2,18,,,,
True,2000,151.9mb,29948,,,,LGPD,3,18,,,,
True,2000,151.9mb,29948,,,,LGPD,2,18,,,,
True,2000,151.9mb,29948,,,,LGPD,2,18,,,,
True,2000,151.9mb,29948,,,,LGPD,3,18,,,,
True,2000,151.9mb,29948,,,,LGPD,3,18,,,,
True,2000,151.9mb,29948,,,,LGPD,3,18,,,,
True,2000,151.9mb,29948,,,,LGPD,3,18,,,,
True,2000,151.9mb,29948,,,,LGPD,8,18,,,,
True,2000,151.9mb,29948,,,,LGPD,3,18,,,,
True,2000,151.9mb,29948,,,,LGPD,3,18,,,,
True,2000,151.9mb,29948,,,,LGPD,2,18,,,,
True,2000,151.9mb,29948,,,,LGPD,2,18,,,,
True,2000,151.9mb,29948,,,,LGPD,2,18,,,,
True,2000,151.9mb,29948,,,,LGPD,2,18,,,,
True,2000,151.9mb,29948,,,,LGPD,2,18,,,,
True,2000,151.9mb,29948,,,,LGPD,2,18,,,,
True,2000,151.9mb,29948,,,,LGPD,1,18,,,,
True,2000,151.9mb,29948,,,,LGPD,2,18,,,,
True,2000,151.9mb,29948,,,,LGPD,3,18,,,,
True,2000,151.9mb,29948,,,,LGPD,2,18,,,,
True,2000,151.9mb,29948,,,,LGPD,2,18,,,,
True,2000,151.9mb,29948,,,,LGPD,2,18,,,,
True,2000,151.9mb,29948,,,,LGPD,3,18,,,,
True,2000,151.9mb,29948,,,,LGPD,2,18,,,,
True,2000,151.9mb,29948,,,,LGPD,2,18,,,,
True,2000,151.9mb,29948,,,,LGPD,2,18,,,,
True,2000,151.9mb,29948,,,,LGPD,2,18,,,,
True,2000,151.9mb,29948,,,,LGPD,2,18,,,,
True,2000,151.9mb,29948,,,,LGPD,1,18,,,,
True,2000,151.9mb,29948,,,,LGPD,1,18,,,,
True,2000,151.9mb,29948,,,,LGPD,2,18,,,,
True,2000,151.9mb,29948,,,,LGPD,2,18,,,,
True,2000,151.9mb,29948,,,,LGPD,2,18,,,,
True,2000,151.9mb,29948,,,,LGPD,2,18,,,,
True,2000,151.9mb,29948,,,,LGPD,2,18,,,,
True,2000,151.9mb,29948,,,,LGPD,1,18,,,,
True,2000,151.9mb,29948,,,,LGPD,2,18,,,,
True,2000,151.9mb,29948,,,,LGPD,7,18,,,,
True,2000,151.9mb,29948,,,,LGPD,3,18,,,,
True,2000,151.9mb,29948,,,,LGPD,2,18,,,,
True,2000,151.9mb,29948,,,,LGPD,3,18,,,,
True,2000,151.9mb,29948,,,,LGPD,2,18,,,,
True,2000,151.9mb,29948,,,,LGPD,2,18,,,,
True,2000,151.9mb,29948,,,,LGPD,1,18,,,,
True,2000,151.9mb,29948,,,,LGPD,1,18,,,,
True,2000,151.9mb,29948,,,,LGPD,2,18,,,,
True,2000,151.9mb,29948,,,,LGPD,2,18,,,,
True,2000,151.9mb,29948,,,,LGPD,1,18,,,,
True,2000,151.9mb,29948,,,,LGPD,1,18,,,,
True,2000,151.9mb,29948,,,,LGPD,1,18,,,,
True,2000,151.9mb,29948,,,,LGPD,1,18,,,,
True,2000,151.9mb,29948,,,,LGPD,1,18,,,,
True,2000,151.9mb,29948,,,,LGPD,1,18,,,,
True,2000,151.9mb,29948,,,,LGPD,2,18,,,,
True,2000,151.9mb,29948,,,,Política Nacional de Resíduos Sólidos,12,1734,,,,
True,2000,151.9mb,29948,,,,Política Nacional de Resíduos Sólidos,3,1734,,,,
True,2000,151.9mb,29948,,,,Política Nacional de Resíduos Sólidos,3,1734,,,,
True,2000,151.9mb,29948,,,,Política Nacional de Resíduos Sólidos,2,1734,,,,
True,2000,151.9mb,29948,,,,Política Nacional de Resíduos Sólidos,2,1734,,,,
True,2000,151.9mb,29948,,,,Política Nacional de Resíduos Sólidos,2,1734,,,,
True,2000,151.9mb,29948,,,,Política Nacional de Resíduos Sólidos,3,1734,,,,
True,2000,151.9mb,29948,,,,Política Nacional de Resíduos Sólidos,3,1734,,,,
True,2000,151.9mb,29948,,,,Política Nacional de Resíduos Sólidos,3,1734,,,,
True,2000,151.9mb,29948,,,,Política Nacional de Resíduos Sólidos,2,1734,,,,
True,2000,151.9mb,29948,,,,Política Nacional de Resíduos Sólidos,2,1734,,,,
True,2000,151.9mb,29948,,,,Política Nacional de Resíduos Sólidos,3,1734,,,,
True,2000,151.9mb,29948,,,,Política Nacional de Resíduos Sólidos,3,1734,,,,
True,2000,151.9mb,29948,,,,Política Nacional de Resíduos Sólidos,3,1734,,,,
True,2000,151.9mb,29948,,,,Política Nacional de Resíduos Sólidos,27,1734,,,,
True,2000,151.9mb,29948,,,,Política Nacional de Resíduos Sólidos,3,1734,,,,
True,2000,151.9mb,29948,,,,Política Nacional de Resíduos Sólidos,2,1734,,,,
True,2000,151.9mb,29948,,,,Política Nacional de Resíduos Sólidos,3,1734,,,,
True,2000,151.9mb,29948,,,,Política Nacional de Resíduos Sólidos,3,1734,,,,
True,2000,151.9mb,29948,,,,Política Nacional de Resíduos Sólidos,3,1734,,,,
True,2000,151.9mb,29948,,,,Política Nacional de Resíduos Sólidos,3,1734,,,,
True,2000,151.9mb,29948,,,,Política Nacional de Resíduos Sólidos,2,1734,,,,
True,2000,151.9mb,29948,,,,Política Nacional de Resíduos Sólidos,2,1734,,,,
True,2000,151.9mb,29948,,,,Política Nacional de Resíduos Sólidos,2,1734,,,,
True,2000,151.9mb,29948,,,,Política Nacional de Resíduos Sólidos,3,1734,,,,
True,2000,151.9mb,29948,,,,Política Nacional de Resíduos Sólidos,3,1734,,,,
True,2000,151.9mb,29948,,,,Política Nacional de Resíduos Sólidos,2,1734,,,,
True,2000,151.9mb,29948,,,,Política Nacional de Resíduos Sólidos,2,1734,,,,
True,2000,151.9mb,29948,,,,Política Nacional de Resíduos Sólidos,2,1734,,,,
True,2000,151.9mb,29948,,,,Política Nacional de Resíduos Sólidos,2,1734,,,,
True,2000,151.9mb,29948,,,,Política Nacional de Resíduos Sólidos,2,1734,,,,
True,2000,151.9mb,29948,,,,Política Nacional de Resíduos Sólidos,2,1734,,,,
True,2000,151.9mb,29948,,,,Política Nacional de Resíduos Sólidos,3,1734,,,,
True,2000,151.9mb,29948,,,,Política Nacional de Resíduos Sólidos,2,1734,,,,
True,2000,151.9mb,29948,,,,Política Nacional de Resíduos Sólidos,2,1734,,,,
True,2000,151.9mb,29948,,,,Política Nacional de Resíduos Sólidos,2,1734,,,,
True,2000,151.9mb,29948,,,,Política Nacional de Resíduos Sólidos,2,1734,,,,
True,2000,151.9mb,29948,,,,Política Nacional de Resíduos Sólidos,2,1734,,,,
True,2000,151.9mb,29948,,,,Política Nacional de Resíduos Sólidos,2,1734,,,,
True,2000,151.9mb,29948,,,,Política Nacional de Resíduos Sólidos,2,1734,,,,
True,2000,151.9mb,29948,,,,Política Nacional de Resíduos Sólidos,4,1734,,,,
True,2000,151.9mb,29948,,,,Política Nacional de Resíduos Sólidos,2,1734,,,,
True,2000,151.9mb,29948,,,,Política Nacional de Resíduos Sólidos,3,1734,,,,
True,2000,151.9mb,29948,,,,Política Nacional de Resíduos Sólidos,3,1734,,,,
True,2000,151.9mb,29948,,,,Política Nacional de Resíduos Sólidos,4,1734,,,,
True,2000,151.9mb,29948,,,,Política Nacional de Resíduos Sólidos,3,1734,,,,
True,2000,151.9mb,29948,,,,Política Nacional de Resíduos Sólidos,2,1734,,,,
True,2000,151.9mb,29948,,,,Política Nacional de Resíduos Sólidos,2,1734,,,,
True,2000,151.9mb,29948,,,,Política Nacional de Resíduos Sólidos,2,1734,,,,
True,2000,151.9mb,29948,,,,Política Nacional de Resíduos Sólidos,3,1734,,,,
True,2000,151.9mb,29948,,,,Política Nacional de Resíduos Sólidos,3,1734,,,,
True,2000,151.9mb,29948,,,,Política Nacional de Resíduos Sólidos,4,1734,,,,
True,2000,151.9mb,29948,,,,Política Nacional de Resíduos Sólidos,6,1734,,,,
True,2000,151.9mb,29948,,,,Política Nacional de Resíduos Sólidos,5,1734,,,,
True,2000,151.9mb,29948,,,,Política Nacional de Resíduos Sólidos,3,1734,,,,
True,2000,151.9mb,29948,,,,Política Nacional de Resíduos Sólidos,2,1734,,,,
True,2000,151.9mb,29948,,,,Política Nacional de Resíduos Sólidos,2,1734,,,,
True,2000,151.9mb,29948,,,,Política Nacional de Resíduos Sólidos,3,1734,,,,
True,2000,151.9mb,29948,,,,Política Nacional de Resíduos Sólidos,2,1734,,,,
True,2000,151.9mb,29948,,,,Política Nacional de Resíduos Sólidos,2,1734,,,,
True,2000,151.9mb,29948,,,,Política Nacional de Resíduos Sólidos,2,1734,,,,
True,2000,151.9mb,29948,,,,Política Nacional de Resíduos Sólidos,2,1734,,,,
True,2000,151.9mb,29948,,,,Política Nacional de Resíduos Sólidos,2,1734,,,,
True,2000,151.9mb,29948,,,,Política Nacional de Resíduos Sólidos,3,1734,,,,
True,2000,151.9mb,29948,,,,Política Nacional de Resíduos Sólidos,3,1734,,,,
True,2000,151.9mb,29948,,,,Política Nacional de Resíduos Sólidos,3,1734,,,,
True,2000,151.9mb,29948,,,,Política Nacional de Resíduos Sólidos,3,1734,,,,
True,2000,151.9mb,29948,,,,Política Nacional de Resíduos Sólidos,3,1734,,,,
True,2000,151.9mb,29948,,,,Política Nacional de Resíduos Sólidos,2,1734,,,,
True,2000,151.9mb,29948,,,,Política Nacional de Resíduos Sólidos,3,1734,,,,
True,2000,151.9mb,29948,,,,Política Nacional de Resíduos Sólidos,3,1734,,,,
True,2000,151.9mb,29948,,,,Política Nacional de Resíduos Sólidos,2,1734,,,,
True,2000,151.9mb,29948,,,,Política Nacional de Resíduos Sólidos,3,1734,,,,
True,2000,151.9mb,29948,,,,Política Nacional de Resíduos Sólidos,3,1734,,,,
True,2000,151.9mb,29948,,,,Política Nacional de Resíduos Sólidos,3,1734,,,,
True,2000,151.9mb,29948,,,,Política Nacional de Resíduos Sólidos,2,1734,,,,
True,2000,151.9mb,29948,,,,Política Nacional de Resíduos Sólidos,2,1734,,,,
True,2000,151.9mb,29948,,,,Política Nacional de Resíduos Sólidos,3,1734,,,,
True,2000,151.9mb,29948,,,,Política Nacional de Resíduos Sólidos,2,1734,,,,
True,2000,151.9mb,29948,,,,Política Nacional de Resíduos Sólidos,2,1734,,,,
True,2000,151.9mb,29948,,,,Política Nacional de Resíduos Sólidos,5,1734,,,,
True,2000,151.9mb,29948,,,,Política Nacional de Resíduos Sólidos,2,1734,,,,
True,2000,151.9mb,29948,,,,Política Nacional de Resíduos Sólidos,4,1734,,,,
True,2000,151.9mb,29948,,,,Política Nacional de Resíduos Sólidos,2,1734,,,,
True,2000,151.9mb,29948,,,,Política Nacional de Resíduos Sólidos,2,1734,,,,
True,2000,151.9mb,29948,,,,Política Nacional de Resíduos Sólidos,3,1734,,,,
True,2000,151.9mb,29948,,,,Política Nacional de Resíduos Sólidos,2,1734,,,,
True,2000,151.9mb,29948,,,,Política Nacional de Resíduos Sólidos,3,1734,,,,
True,2000,151.9mb,29948,,,,Política Nacional de Resíduos Sólidos,4,1734,,,,
True,2000,151.9mb,29948,,,,Política Nacional de Resíduos Sólidos,2,1734,,,,
True,2000,151.9mb,29948,,,,Política Nacional de Resíduos Sólidos,3,1734,,,,
True,2000,151.9mb,29948,,,,Política Nacional de Resíduos Sólidos,2,1734,,,,
True,2000,151.9mb,29948,,,,Política Nacional de Resíduos Sólidos,2,1734,,,,
True,2000,151.9mb,29948,,,,Política Nacional de Resíduos Sólidos,3,1734,,,,
True,2000,151.9mb,29948,,,,Política Nacional de Resíduos Sólidos,3,1734,,,,
True,2000,151.9mb,29948,,,,Política Nacional de Resíduos Sólidos,3,1734,,,,
True,2000,151.9mb,29948,,,,Política Nacional de Resíduos Sólidos,2,1734,,,,
True,2000,151.9mb,29948,,,,Política Nacional de Resíduos Sólidos,3,1734,,,,
True,2000,151.9mb,29948,,,,Política Nacional de Resíduos Sólidos,5,1734,,,,
True,2000,151.9mb,29948,,,,Política Nacional de Resíduos Sólidos,5,1734,,,,
True,2000,151.9mb,29948,,,,PNRS,2,0,,,,
True,2000,151.9mb,29948,,,,PNRS,1,0,,,,
True,2000,151.9mb,29948,,,,PNRS,2,0,,,,
True,2000,151.9mb,29948,,,,PNRS,1,0,,,,
True,2000,151.9mb,29948,,,,PNRS,1,0,,,,
True,2000,151.9mb,29948,,,,PNRS,1,0,,,,
True,2000,151.9mb,29948,,,,PNRS,1,0,,,,
True,2000,151.9mb,29948,,,,PNRS,3,0,,,,
True,2000,151.9mb,29948,,,,PNRS,2,0,,,,
True,2000,151.9mb,29948,,,,PNRS,1,0,,,,
True,2000,151.9mb,29948,,,,PNRS,2,0,,,,
True,2000,151.9mb,29948,,,,PNRS,1,0,,,,
True,2000,151.9mb,29948,,,,PNRS,2,0,,,,
True,2000,151.9mb,29948,,,,PNRS,1,0,,,,
True,2000,151.9mb,29948,,,,PNRS,1,0,,,,
True,2000,151.9mb,29948,,,,PNRS,5,0,,,,
True,2000,151.9mb,29948,,,,PNRS,1,0,,,,
True,2000,151.9mb,29948,,,,PNRS,2,0,,,,
True,2000,151.9mb,29948,,,,PNRS,1,0,,,,
True,2000,151.9mb,29948,,,,PNRS,1,0,,,,
True,2000,151.9mb,29948,,,,PNRS,1,0,,,,
True,2000,151.9mb,29948,,,,PNRS,1,0,,,,
True,2000,151.9mb,29948,,,,PNRS,3,0,,,,
True,2000,151.9mb,29948,,,,PNRS,1,0,,,,
True,2000,151.9mb,29948,,,,PNRS,2,0,,,,
True,2000,151.9mb,29948,,,,PNRS,2,0,,,,
True,2000,151.9mb,29948,,,,PNRS,2,0,,,,
True,2000,151.9mb,29948,,,,PNRS,1,0,,,,
True,2000,151.9mb,29948,,,,PNRS,4,0,,,,
True,2000,151.9mb,29948,,,,PNRS,2,0,,,,
True,2000,151.9mb,29948,,,,PNRS,1,0,,,,
True,2000,151.9mb,29948,,,,PNRS,4,0,,,,
True,2000,151.9mb,29948,,,,PNRS,7,0,,,,
True,2000,151.9mb,29948,,,,PNRS,2,0,,,,
True,2000,151.9mb,29948,,,,PNRS,1,0,,,,
True,2000,151.9mb,29948,,,,PNRS,2,0,,,,
True,2000,151.9mb,29948,,,,PNRS,2,0,,,,
True,2000,151.9mb,29948,,,,PNRS,2,0,,,,
True,2000,151.9mb,29948,,,,PNRS,2,0,,,,
True,2000,151.9mb,29948,,,,PNRS,5,0,,,,
True,2000,151.9mb,29948,,,,PNRS,2,0,,,,
True,2000,151.9mb,29948,,,,PNRS,1,0,,,,
True,2000,151.9mb,29948,,,,PNRS,3,0,,,,
True,2000,151.9mb,29948,,,,PNRS,2,0,,,,
True,2000,151.9mb,29948,,,,PNRS,3,0,,,,
True,2000,151.9mb,29948,,,,PNRS,24,0,,,,
True,2000,151.9mb,29948,,,,PNRS,5,0,,,,
True,2000,151.9mb,29948,,,,PNRS,8,0,,,,
True,2000,151.9mb,29948,,,,PNRS,5,0,,,,
True,2000,151.9mb,29948,,,,PNRS,5,0,,,,
True,2000,151.9mb,29948,,,,PNRS,2,0,,,,
True,2000,151.9mb,29948,,,,PNRS,8,0,,,,
True,2000,151.9mb,29948,,,,PNRS,2,0,,,,
True,2000,151.9mb,29948,,,,PNRS,8,0,,,,
True,2000,151.9mb,29948,,,,PNRS,6,0,,,,
True,2000,151.9mb,29948,,,,PNRS,2,0,,,,
True,2000,151.9mb,29948,,,,PNRS,8,0,,,,
True,2000,151.9mb,29948,,,,PNRS,7,0,,,,
True,2000,151.9mb,29948,,,,PNRS,6,0,,,,
True,2000,151.9mb,29948,,,,PNRS,4,0,,,,
True,2000,151.9mb,29948,,,,PNRS,4,0,,,,
True,2000,151.9mb,29948,,,,PNRS,4,0,,,,
True,2000,151.9mb,29948,,,,PNRS,2,0,,,,
True,2000,151.9mb,29948,,,,PNRS,3,0,,,,
True,2000,151.9mb,29948,,,,PNRS,4,0,,,,
True,2000,151.9mb,29948,,,,PNRS,5,0,,,,
True,2000,151.9mb,29948,,,,PNRS,9,0,,,,
True,2000,151.9mb,29948,,,,PNRS,7,0,,,,
True,2000,151.9mb,29948,,,,PNRS,6,0,,,,
True,2000,151.9mb,29948,,,,PNRS,3,0,,,,
True,2000,151.9mb,29948,,,,PNRS,5,0,,,,
True,2000,151.9mb,29948,,,,PNRS,10,0,,,,
True,2000,151.9mb,29948,,,,PNRS,7,0,,,,
True,2000,151.9mb,29948,,,,PNRS,9,0,,,,
True,2000,151.9mb,29948,,,,PNRS,9,0,,,,
True,2000,151.9mb,29948,,,,PNRS,13,0,,,,
True,2000,151.9mb,29948,,,,PNRS,10,0,,,,
True,2000,151.9mb,29948,,,,PNRS,194,0,,,,
True,2000,151.9mb,29948,,,,PNRS,14,0,,,,
True,2000,151.9mb,29948,,,,PNRS,8,0,,,,
True,2000,151.9mb,29948,,,,PNRS,6,0,,,,
True,2000,151.9mb,29948,,,,PNRS,10,0,,,,
True,2000,151.9mb,29948,,,,PNRS,6,0,,,,
True,2000,151.9mb,29948,,,,PNRS,6,0,,,,
True,2000,151.9mb,29948,,,,PNRS,6,0,,,,
True,2000,151.9mb,29948,,,,PNRS,6,0,,,,
True,2000,151.9mb,29948,,,,PNRS,4,0,,,,
True,2000,151.9mb,29948,,,,PNRS,6,0,,,,
True,2000,151.9mb,29948,,,,PNRS,7,0,,,,
True,2000,151.9mb,29948,,,,PNRS,6,0,,,,
True,2000,151.9mb,29948,,,,PNRS,4,0,,,,
True,2000,151.9mb,29948,,,,PNRS,6,0,,,,
True,2000,151.9mb,29948,,,,PNRS,8,0,,,,
True,2000,151.9mb,29948,,,,PNRS,7,0,,,,
True,2000,151.9mb,29948,,,,PNRS,7,0,,,,
True,2000,151.9mb,29948,,,,PNRS,6,0,,,,
True,2000,151.9mb,29948,,,,PNRS,3,0,,,,
True,2000,151.9mb,29948,,,,PNRS,5,0,,,,
True,2000,151.9mb,29948,,,,PNRS,7,0,,,,
True,2000,151.9mb,29948,,,,PNRS,10,0,,,,
